fid,ID,latitude,longitude,Elevation,SWL,SOIL_TYPE,SpecificHumidity_meanCumOctToJan,SpecificHumidity_meanCumFebToMay,SpecificHumidity_meanCumJunToSep,WindSpeedMeanOctToJan24-25,WindSpeedMeanFebToMay24-25,WindSpeedMeanJunToSep24-25,LSTDayMeanOctToJan23-25,LSTDayMeanFebToMay24-25,LSTDayMeanJunToSep24-25,LSTNightMeanOctToJan23-25,LSTNightMeanFebToMay23-25,LSTNightMeanJunToSep23-25,NDVI_Oct.Jan_2023-2025,NDVI_Feb.May_2023,NDVI_Jun.Sep_2024,Precip_meanCumOctToJan,Precip_meanCumFebToMay,Precip_meanCumJunToSep
1,1,7.031210422,38.48613906,1859,80.05,Mollic Andosols,0.010175151,0.008825635,0.013302283,4.504659932,4.785605812,4.591854067,19.22237071,21.08302072,19.1990288,21.19953493,21.19953493,21.19953493,0.735578768,0.751536121,0.611271117,177.90302,172.28702,32.267998
2,2,6.472697666,38.5291502,2741,0.1,Lithic Leptosols,0.010175151,0.008825635,0.013302283,4.504659932,4.785605812,4.591854067,25.89047619,27.62348333,27.62666667,29.46,29.46,29.46,0.583458333,0.5484625,0.59685,175.27602,129.513,24.378002
3,3,6.477926542,38.52050844,2739,4.86,Lithic Leptosols,0.010175151,0.008825635,0.013302283,4.504659932,4.785605812,4.591854067,25.65171429,28.00886957,27.095,30.19166667,30.19166667,30.19166667,0.634391667,0.650475,0.68005,175.27602,129.513,24.378002
4,4,6.687669622,38.26636723,1693,67.8,Humic Nitisols,0.010175151,0.008825635,0.013302283,4.504659932,4.785605812,4.591854067,24.99142857,24.41244615,24.26833333,24.27333333,24.27333333,24.27333333,0.712416667,0.7662,0.6522,182.263,148.251,23.210999
5,5,6.888067668,38.31471434,1901,142,Humic Nitisols,0.010175151,0.008825635,0.013302283,4.504659932,4.785605812,4.591854067,24.09598726,24.76412225,23.1077,26.07175,26.07175,26.07175,0.664632143,0.641631378,0.660054082,181.46501,166.356,23.583
6,6,6.770164646,38.38604024,1697,4.35,Humic Nitisols,0.010175151,0.008825635,0.013302283,4.504659932,4.785605812,4.591854067,18.53682274,20.4437913,19.455,19.98,19.98,19.98,0.70725,0.700409375,0.617064063,172.957,156.24901,28.548
7,7,6.776850009,38.46248653,1763,26.9,Lithic Leptosols,0.010175151,0.008825635,0.013302283,4.504659932,4.785605812,4.591854067,19.6041,21.44453846,21.76666667,22.149,22.149,22.149,0.727175,0.772375,0.565475,173.843,157.48502,26.376003
8,8,6.573710874,38.76007007,2175,31.5,Lithic Leptosols,0.011280593,0.009961849,0.015741643,4.483106,4.7989345,4.6299047,21.83468254,22.90106884,21.74333333,23.43733333,23.43733333,23.43733333,0.722183333,0.5657125,0.5397625,171.069,135.228,26.088001
9,9,6.606477293,38.7858516,2240,31.15,Lithic Leptosols,0.011280593,0.009961849,0.015741643,4.483106,4.7989345,4.6299047,23.24888095,23.40215,22.82,23.98333333,23.98333333,23.98333333,0.747766667,0.7488875,0.630975,173.09502,138.05402,25.374
10,10,6.536113624,38.71069889,2148,39.24,Lithic Leptosols,0.011314323,0.010065204,0.01578793,4.464583,4.816725,4.6962533,25.3146558,26.3165913,25.82,27.46333333,27.46333333,27.46333333,0.473033333,0.53515,0.476325,179.753,129.108,25.011002
11,11,6.670404831,38.51194439,2417,44.7,Eutric Cambisols,0.010175151,0.008825635,0.013302283,4.504659932,4.785605812,4.591854067,17.87498039,20.23764493,16.28666667,20.4165,20.4165,20.4165,0.7303,0.73255,0.6152125,169.307,141.246,28.191002
12,12,6.503847024,38.30579995,1586,18,Eutric Vertisols,0.010175151,0.008825635,0.013302283,4.504659932,4.785605812,4.591854067,27.34508772,30.115,30.13833333,32.025,32.025,32.025,0.457383333,0.5151375,0.5492875,178.86101,134.556,23.931
13,13,7.017222584,38.60423765,1801,12,Mollic Andosols,0.010175151,0.008825635,0.013302283,4.504659932,4.785605812,4.591854067,22.06820007,23.16269094,23.7984223,23.61533143,23.61533143,23.61533143,0.686788047,0.636668173,0.561580544,179.2510101,176.2961307,30.43104062
14,14,7.018172469,38.59829082,1764,11,Mollic Andosols,0.010175151,0.008825635,0.013302283,4.504659932,4.785605812,4.591854067,21.83358465,22.95234689,23.35356686,23.64886174,23.64886174,23.64886174,0.700955975,0.673738015,0.546931329,178.522867,175.7772612,30.55077912
15,15,7.017611584,38.59656606,1771,1,Mollic Andosols,0.010175151,0.008825635,0.013302283,4.504659932,4.785605812,4.591854067,21.83358465,22.95234689,23.35356686,23.64886174,23.64886174,23.64886174,0.700955975,0.673738015,0.546931329,178.522867,175.7772612,30.55077912
16,16,7.016363167,38.59155348,1762,19.9,Mollic Andosols,0.010175151,0.008825635,0.013302283,4.504659932,4.785605812,4.591854067,21.83358465,22.95234689,23.35356686,23.64886174,23.64886174,23.64886174,0.700955975,0.673738015,0.546931329,178.522867,175.7772612,30.55077912
17,17,7.047039887,38.50615097,1701,26,Mollic Andosols,0.010175151,0.008825635,0.013302283,4.504659932,4.785605812,4.591854067,20.29825808,21.57153618,19.39707349,21.26340245,21.26340245,21.26340245,0.717343832,0.716464403,0.57151122,177.8298225,172.840792,32.02685664
18,18,7.036916845,38.50461485,1701,51,Mollic Andosols,0.010175151,0.008825635,0.013302283,4.504659932,4.785605812,4.591854067,20.29072348,21.56736587,19.4036826,21.25665564,21.25665564,21.25665564,0.716822518,0.716797564,0.571094738,177.8324243,172.8211084,32.03542792
19,19,7.038581403,38.50429146,1701,51,Mollic Andosols,0.010175151,0.008825635,0.013302283,4.504659932,4.785605812,4.591854067,20.29072348,21.56736587,19.4036826,21.25665564,21.25665564,21.25665564,0.716822518,0.716797564,0.571094738,177.8324243,172.8211084,32.03542792
20,20,7.039666984,38.50367163,1701,10.3,Mollic Andosols,0.010175151,0.008825635,0.013302283,4.504659932,4.785605812,4.591854067,20.29825808,21.57153618,19.39707349,21.26340245,21.26340245,21.26340245,0.717343832,0.716464403,0.57151122,177.8298225,172.840792,32.02685664
21,21,7.079426381,38.50005144,1704,17,Mollic Andosols,0.010175151,0.008825635,0.013302283,4.504659932,4.785605812,4.591854067,20.30623638,21.57633946,19.38869707,21.27091482,21.27091482,21.27091482,0.717838426,0.716049792,0.571881463,177.8267811,172.8638017,32.01683702
22,22,7.05677393,38.49651208,1716,22,Mollic Andosols,0.010175151,0.008825635,0.013302283,4.504659932,4.785605812,4.591854067,19.84947473,21.38696315,19.24025875,21.43610079,21.43610079,21.43610079,0.728643988,0.740452326,0.594339662,177.90302,172.28702,32.267998
23,23,7.029833432,38.49565868,1716,28,Mollic Andosols,0.010175151,0.008825635,0.013302283,4.504659932,4.785605812,4.591854067,19.83381042,21.40875295,19.22808824,21.45234528,21.45234528,21.45234528,0.727176471,0.738912776,0.594347748,177.90302,172.28702,32.267998
24,24,7.054837978,38.49347579,1716,21,Mollic Andosols,0.010175151,0.008825635,0.013302283,4.504659932,4.785605812,4.591854067,19.84947473,21.38696315,19.24025875,21.43610079,21.43610079,21.43610079,0.728643988,0.740452326,0.594339662,177.90302,172.28702,32.267998
25,25,7.021836322,38.49191272,1790,64,Mollic Andosols,0.010175151,0.008825635,0.013302283,4.504659932,4.785605812,4.591854067,19.8149696,21.43844322,19.21421296,21.47143519,21.47143519,21.47143519,0.725412037,0.736765972,0.594845833,177.90302,172.28702,32.267998
26,26,7.046316169,38.49145458,1790,27.72,Mollic Andosols,0.010175151,0.008825635,0.013302283,4.504659932,4.785605812,4.591854067,19.84388246,21.39454487,19.23587052,21.44192563,21.44192563,21.44192563,0.728120035,0.739919423,0.594314862,177.90302,172.28702,32.267998
27,27,7.070207993,38.48681032,1859,14,Mollic Andosols,0.010175151,0.008825635,0.013302283,4.504659932,4.785605812,4.591854067,19.18696302,21.03869154,19.23950133,21.10934455,21.10934455,21.10934455,0.734697911,0.751361005,0.609093808,178.9750897,173.9719009,30.74851919
28,28,7.054801795,38.48002806,1824,9,Mollic Andosols,0.010175151,0.008825635,0.013302283,4.504659932,4.785605812,4.591854067,19.19603377,21.04959562,19.2296133,21.1313593,21.1313593,21.1313593,0.734924938,0.751408005,0.609664466,177.90302,172.28702,32.267998
29,29,7.053462912,38.47776431,1824,12,Mollic Andosols,0.010175151,0.008825635,0.013302283,4.504659932,4.785605812,4.591854067,18.64234304,20.57239595,19.39384323,20.68291101,20.68291101,20.68291101,0.749739655,0.74531672,0.593886144,179.012505,174.0307033,30.69548937
30,30,7.108203348,38.3661311,,36,Mollic Andosols,0.010175151,0.008825635,0.013302283,4.504659932,4.785605812,4.591854067,23.33127585,24.88557609,23.76217393,25.63688334,25.63688334,25.63688334,0.622786706,0.612521974,0.537758217,187.516,178.60802,25.299002
31,31,7.044814483,38.33922664,1733,46,Mollic Andosols,0.010175151,0.008825635,0.013302283,4.504659932,4.785605812,4.591854067,23.95585746,24.12385494,25.54889764,24.5402056,24.5402056,24.5402056,0.644010061,0.609791109,0.557146293,187.516,178.60802,25.299002
32,32,7.106924542,38.36438319,,35.93,Mollic Andosols,0.010175151,0.008825635,0.013302283,4.504659932,4.785605812,4.591854067,23.33127585,24.88557609,23.76217393,25.63688334,25.63688334,25.63688334,0.622786706,0.612521974,0.537758217,187.516,178.60802,25.299002
33,33,7.063302002,38.48111968,1824,11,Mollic Andosols,0.010175151,0.008825635,0.013302283,4.504659932,4.785605812,4.591854067,19.19048647,21.04289658,19.23569286,21.11782232,21.11782232,21.11782232,0.73478619,0.751379406,0.609316344,177.90302,172.28702,32.267998
34,34,7.052671081,38.48782035,1790,21.92,Mollic Andosols,0.010175151,0.008825635,0.013302283,4.504659932,4.785605812,4.591854067,19.19603377,21.04959562,19.2296133,21.1313593,21.1313593,21.1313593,0.734924938,0.751408005,0.609664466,177.90302,172.28702,32.267998
35,35,7.059913068,38.49762599,1704,22.35,Mollic Andosols,0.010175151,0.008825635,0.013302283,4.504659932,4.785605812,4.591854067,19.85281181,21.38252302,19.24289579,21.43261409,21.43261409,21.43261409,0.728956663,0.740763198,0.594366259,177.90302,172.28702,32.267998
36,36,7.028747857,38.46841288,1741,12.45,Mollic Andosols,0.010175151,0.008825635,0.013302283,4.504659932,4.785605812,4.591854067,18.08599875,20.02466165,19.64963235,20.07975368,20.07975368,20.07975368,0.734111581,0.726621369,0.561546392,180.0466006,175.6559035,29.22983248
37,37,7.049744794,38.49993465,1704,26.64,Mollic Andosols,0.010175151,0.008825635,0.013302283,4.504659932,4.785605812,4.591854067,20.30198778,21.57372984,19.39334189,21.26686511,21.26686511,21.26686511,0.71758272,0.716278846,0.571693761,177.8284392,172.8512575,32.0222994
38,38,7.051662652,38.5055491,1701,25.3,Mollic Andosols,0.010175151,0.008825635,0.013302283,4.504659932,4.785605812,4.591854067,20.30198778,21.57372984,19.39334189,21.26686511,21.26686511,21.26686511,0.71758272,0.716278846,0.571693761,177.8284392,172.8512575,32.0222994
39,39,7.053327211,38.49900041,1704,23.3,Mollic Andosols,0.010175151,0.008825635,0.013302283,4.504659932,4.785605812,4.591854067,20.30198778,21.57372984,19.39334189,21.26686511,21.26686511,21.26686511,0.71758272,0.716278846,0.571693761,177.8284392,172.8512575,32.0222994
40,40,7.046659938,38.48324401,1859,26.7,Mollic Andosols,0.010175151,0.008825635,0.013302283,4.504659932,4.785605812,4.591854067,19.20537423,21.06111631,19.21912073,21.1547336,21.1547336,21.1547336,0.73515783,0.75145502,0.610243766,177.90302,172.28702,32.267998
41,41,7.083479219,38.49122103,1790,7.5,Mollic Andosols,0.010175151,0.008825635,0.013302283,4.504659932,4.785605812,4.591854067,19.8563646,21.37785666,19.2457166,21.42889417,21.42889417,21.42889417,0.72928956,0.741089013,0.594403099,177.90302,172.28702,32.267998
42,42,7.060238743,38.49548801,1716,22.3,Mollic Andosols,0.010175151,0.008825635,0.013302283,4.504659932,4.785605812,4.591854067,19.85281181,21.38252302,19.24289579,21.43261409,21.43261409,21.43261409,0.728956663,0.740763198,0.594366259,177.90302,172.28702,32.267998
43,43,7.05095703,38.47710854,1805,12.02,Mollic Andosols,0.010175151,0.008825635,0.013302283,4.504659932,4.785605812,4.591854067,18.64234304,20.57239595,19.39384323,20.68291101,20.68291101,20.68291101,0.749739655,0.74531672,0.593886144,179.012505,174.0307033,30.69548937
44,44,7.032086004,38.54193073,1702,45.47,Fibric Histosols,0.010175151,0.008825635,0.013302283,4.504659932,4.785605812,4.591854067,21.00495236,21.83649807,20.08576388,21.20815641,21.20815641,21.20815641,0.71551295,0.703591839,0.5594854,177.516,175.215,30.993002
45,45,7.056647279,38.49828176,1704,23.02,Mollic Andosols,0.010175151,0.008825635,0.013302283,4.504659932,4.785605812,4.591854067,19.84947473,21.38696315,19.24025875,21.43610079,21.43610079,21.43610079,0.728643988,0.740452326,0.594339662,177.90302,172.28702,32.267998
46,46,7.045547218,38.47923754,1824,20.2,Mollic Andosols,0.010175151,0.008825635,0.013302283,4.504659932,4.785605812,4.591854067,19.20537423,21.06111631,19.21912073,21.1547336,21.1547336,21.1547336,0.73515783,0.75145502,0.610243766,177.90302,172.28702,32.267998
47,47,7.048161661,38.46516998,1702,5.61,Mollic Andosols,0.010175151,0.008825635,0.013302283,4.504659932,4.785605812,4.591854067,18.09751968,20.03978641,19.642979,20.10476115,20.10476115,20.10476115,0.731877209,0.724447572,0.559901772,180.1330065,175.7917002,29.10736669
48,48,7.033243964,38.49979092,1704,56.72,Mollic Andosols,0.010175151,0.008825635,0.013302283,4.504659932,4.785605812,4.591854067,20.29072348,21.56736587,19.4036826,21.25665564,21.25665564,21.25665564,0.716822518,0.716797564,0.571094738,177.8324243,172.8211084,32.03542792
49,49,7.051816442,38.51001371,1696,25.7,Mollic Andosols,0.010175151,0.008825635,0.013302283,4.504659932,4.785605812,4.591854067,20.37659168,21.5738819,19.42839451,21.21176894,21.21176894,21.21176894,0.717149926,0.71429433,0.569059282,177.749673,173.4471588,31.76281275
50,50,6.534829021,38.21933166,1428,94.7,Humic Nitisols,0.010175151,0.008825635,0.013302283,4.504659932,4.785605812,4.591854067,26.76675,30.56958333,29.32,32.47833333,32.47833333,32.47833333,0.563416667,0.5568375,0.6139,183.37401,133.626,24.651001
51,51,6.895820517,38.36503773,1969,94.7,Humic Nitisols,0.010175151,0.008825635,0.013302283,4.504659932,4.785605812,4.591854067,21.81714884,23.02381749,22.12734848,23.62318182,23.62318182,23.62318182,0.704425379,0.686899432,0.584796591,179.44,164.90701,25.125
52,52,6.629835354,38.3365433,1815,22.3,Humic Nitisols,0.010175151,0.008825635,0.013302283,4.504659932,4.785605812,4.591854067,28.99875747,28.90846154,29.12,28.93666667,28.93666667,28.93666667,0.528083333,0.5915,0.5443125,182.263,148.251,23.210999
53,53,6.971666365,38.51134567,1741,5.55,Mollic Andosols,0.010175151,0.008825635,0.013302283,4.504659932,4.785605812,4.591854067,23.13766667,23.92875,24.365,23.985,23.985,23.985,0.656258333,0.6359,0.605875,180.384,173.22302,34.17
54,54,6.560367288,38.33917535,1871,39.14,Eutric Vertisols,0.010175151,0.008825635,0.013302283,4.504659932,4.785605812,4.591854067,21.49,22.61008333,21.91166667,22.65833333,22.65833333,22.65833333,0.701825,0.6365,0.4500125,171.069,135.228,26.088001
55,55,6.933680116,38.56529824,2176,39.14,Chromic Luvisols,0.010175151,0.008825635,0.013302283,4.504659932,4.785605812,4.591854067,23.1955,24.40664348,24.53333333,24.30333333,24.30333333,24.30333333,0.732858333,0.6715625,0.702175,172.71701,160.815,31.833002
56,56,6.54514203,38.2849443,1684,55.3,Eutric Vertisols,0.010175151,0.008825635,0.013302283,4.504659932,4.785605812,4.591854067,23.57602632,24.0452,23.465,25.16666667,25.16666667,25.16666667,0.7561,0.6856,0.628125,175.27602,129.513,24.378002
57,57,6.71565949,38.3188825,1658,0.5,Humic Nitisols,0.010175151,0.008825635,0.013302283,4.504659932,4.785605812,4.591854067,19.54506944,21.54716364,18.09333333,21.13166667,21.13166667,21.13166667,0.686075,0.6796875,0.535675,175.69601,154.59901,29.28
58,58,6.537515831,38.49870643,2720,12.4,Eutric Cambisols,0.010175151,0.008825635,0.013302283,4.504659932,4.785605812,4.591854067,22.65319444,23.74208333,22.3675,24.505,24.505,24.505,0.742225,0.693675,0.5995375,174.87102,127.494,25.005001
59,59,6.881563235,38.39236436,1853,50.6,Humic Nitisols,0.010175151,0.008825635,0.013302283,4.504659932,4.785605812,4.591854067,21.9662696,23.32703507,22.50748299,22.97278912,22.97278912,22.97278912,0.742802381,0.73406148,0.587996173,180.68001,169.89001,22.944
60,60,6.529681563,38.23711822,1450,50.6,Humic Nitisols,0.010175151,0.008825635,0.013302283,4.504659932,4.785605812,4.591854067,26.88028966,30.944,28.8375,32.82666667,32.82666667,32.82666667,0.444225,0.4710625,0.6434375,178.86101,134.556,23.931
61,61,6.54764791,38.54035214,2691,17.4,Lithic Leptosols,0.010175151,0.008825635,0.013302283,4.504659932,4.785605812,4.591854067,24.32571429,25.2902,24.88666667,26.46,26.46,26.46,0.681575,0.6235125,0.6233375,177.33,129.171,25.275002
62,62,6.511380496,38.49560726,2726,9.18,Eutric Cambisols,0.010175151,0.008825635,0.013302283,4.504659932,4.785605812,4.591854067,25.45049784,26.5452,25.31,27.735,27.735,27.735,0.674675,0.715325,0.6055,179.753,129.108,25.011002
63,63,6.468852904,38.35094323,1826,11.5,Eutric Cambisols,0.010175151,0.008825635,0.013302283,4.504659932,4.785605812,4.591854067,26.25526316,27.2628,27.613,28.82666667,28.82666667,28.82666667,0.634075,0.6515125,0.7187,170.89001,130.917,25.740002
64,64,6.620834087,38.42131692,1917,85.16,Humic Nitisols,0.010175151,0.008825635,0.013302283,4.504659932,4.785605812,4.591854067,24.18216364,24.35153846,24.84833333,25.31,25.31,25.31,0.679791667,0.7393125,0.55595,177.36401,148.11,24.573002
65,65,6.511416682,38.48736974,2742,5.02,Eutric Cambisols,0.010175151,0.008825635,0.013302283,4.504659932,4.785605812,4.591854067,25.71175325,26.842,26.87,28.14666667,28.14666667,28.14666667,0.700058333,0.7043875,0.649025,179.753,129.108,25.011002
66,66,6.662511309,38.30546173,1684,62,Humic Nitisols,0.010175151,0.008825635,0.013302283,4.504659932,4.785605812,4.591854067,21.12813158,23.49669565,20.66333333,24.165,24.165,24.165,0.657558333,0.7160875,0.492925,169.70502,145.965,25.296001
67,67,6.86315361,38.45883938,1869,17,Lithic Leptosols,0.010175151,0.008825635,0.013302283,4.504659932,4.785605812,4.591854067,20.26063158,21.1208,20.27333333,21.15916667,21.15916667,21.15916667,0.727008333,0.7865375,0.5058,169.222,161.58002,28.638
68,68,6.914420119,38.37964427,2048,42,Humic Nitisols,0.010175151,0.008825635,0.013302283,4.504659932,4.785605812,4.591854067,19.72571429,20.84159091,20.69,22.96666667,22.96666667,22.96666667,0.757416667,0.738125,0.4970625,168.65501,159.147,30.819
69,69,6.915062421,38.38094682,2048,45,Humic Nitisols,0.010175151,0.008825635,0.013302283,4.504659932,4.785605812,4.591854067,19.72571429,20.84159091,20.69,22.96666667,22.96666667,22.96666667,0.757416667,0.738125,0.4970625,168.65501,159.147,30.819
70,70,6.52085218,38.49868847,2730,12.4,Eutric Cambisols,0.010175151,0.008825635,0.013302283,4.504659932,4.785605812,4.591854067,27.27254209,30.35916667,29.75,32.075,32.075,32.075,0.498891667,0.52755,0.5714625,183.37401,133.626,24.651001
71,71,6.533028768,38.51775961,2675,6.2,Lithic Leptosols,0.010175151,0.008825635,0.013302283,4.504659932,4.785605812,4.591854067,22.54968627,23.77075758,22.685,24.643,24.643,24.643,0.755525,0.637325,0.530225,174.87102,127.494,25.005001
72,72,6.805690249,38.3804797,1760,9.75,Humic Nitisols,0.010175151,0.008825635,0.013302283,4.504659932,4.785605812,4.591854067,19.42586957,21.69133779,19.92,21.57047619,21.57047619,21.57047619,0.708733333,0.688625,0.4313875,182.836,159.19801,23.217
73,73,6.74408359,38.32551204,1655,7.8,Humic Nitisols,0.010175151,0.008825635,0.013302283,4.504659932,4.785605812,4.591854067,23.61583333,23.9288,23.67666667,24.32,24.32,24.32,0.680983333,0.7377875,0.5406125,182.836,159.19801,23.217
74,74,6.92878596,38.20570428,1730,146.6,Eutric Vertisols,0.010175151,0.008825635,0.013302283,4.504659932,4.785605812,4.591854067,20.6495075,21.63113518,20.2362,21.33768333,21.33768333,21.33768333,0.686868333,0.71097625,0.545295,172.97,165.138,26.745
75,75,6.508196128,38.4843065,2727,10.07,Eutric Cambisols,0.010175151,0.008825635,0.013302283,4.504659932,4.785605812,4.591854067,23.43359133,24.74766667,24.2575,25.87666667,25.87666667,25.87666667,0.71415,0.6841875,0.6268625,170.89001,130.917,25.740002
76,76,6.973729891,38.45453681,1742,55.94,Mollic Andosols,0.010175151,0.008825635,0.013302283,4.504659932,4.785605812,4.591854067,25.58297794,25.95615,26.73,26.335,26.335,26.335,0.573858333,0.51015,0.581575,182.90802,176.99701,35.889
77,77,7.018653881,38.48215954,1824,52.12,Mollic Andosols,0.010175151,0.008825635,0.013302283,4.504659932,4.785605812,4.591854067,19.30726757,21.25532539,19.031875,21.57495833,21.57495833,21.57495833,0.737490972,0.75164375,0.614611979,179.3361938,174.2110761,31.65510779
78,78,6.450655125,38.63881958,2578,30.1,Lithic Leptosols,0.011221153,0.009954848,0.015552979,4.461367857,4.809124143,4.686570243,26.65369187,28.9789625,27.37083333,30.58958333,30.58958333,30.58958333,0.602230952,0.5106875,0.539403571,178.687,130.998,23.202002
79,79,6.883435812,38.39322299,1844,50.6,Humic Nitisols,0.010175151,0.008825635,0.013302283,4.504659932,4.785605812,4.591854067,21.9662696,23.32703507,22.50748299,22.97278912,22.97278912,22.97278912,0.742802381,0.73406148,0.587996173,180.68001,169.89001,22.944
80,80,7.031382305,38.49895796,1704,56.72,Mollic Andosols,0.010175151,0.008825635,0.013302283,4.504659932,4.785605812,4.591854067,20.29072348,21.56736587,19.4036826,21.25665564,21.25665564,21.25665564,0.716822518,0.716797564,0.571094738,177.8324243,172.8211084,32.03542792
81,81,7.031382305,38.49895796,1704,56.72,Mollic Andosols,0.010175151,0.008825635,0.013302283,4.504659932,4.785605812,4.591854067,20.29072348,21.56736587,19.4036826,21.25665564,21.25665564,21.25665564,0.716822518,0.716797564,0.571094738,177.8324243,172.8211084,32.03542792
82,82,6.587524878,38.60413223,2592,3.7,Lithic Leptosols,0.010175151,0.008825635,0.013302283,4.504659932,4.785605812,4.591854067,23.0275,23.5426087,22.59666667,24.34666667,24.34666667,24.34666667,0.755483333,0.671175,0.528425,172.46701,139.236,25.641
83,83,6.202153067,38.94928135,1400,5,Eutric Leptosols,0.009048481,0.007650074,0.010909032,4.5845637,4.8467956,4.6357536,28.53766763,30.85149471,30.93152381,32.91761905,32.91761905,32.91761905,0.46517619,0.487089286,0.519696429,179.27202,130.962,23.730001
84,84,6.205599783,38.94707151,1412,5.5,Eutric Leptosols,0.0093118,0.0078861,0.011482677,4.559915,4.832783,4.635508,28.70665651,30.89287604,30.85335034,32.98517007,32.98517007,32.98517007,0.485203231,0.499903827,0.540791327,179.27202,130.962,23.730001
85,85,6.276388638,38.92205354,1457,6,Eutric Leptosols,0.009723377,0.008307966,0.012290467,4.49883,4.7725863,4.5699797,31.03284072,33.59961739,31.36666667,34.41166667,34.41166667,34.41166667,0.326241667,0.34585,0.3368375,175.746,127.68001,24.189001
86,86,6.321358784,38.89318182,1479,2,Eutric Leptosols,0.009723377,0.008307966,0.012290467,4.49883,4.7725863,4.5699797,29.008,30.1092,31.755,31.78166667,31.78166667,31.78166667,0.413575,0.395325,0.4394625,190.76999,125.17802,23.841003
87,87,6.367857789,38.88374955,1543,14,Eutric Cambisols,0.010251328,0.008831401,0.013244528,4.462759,4.7415085,4.536725,27.6687782,30.27113043,28.8125,32.47666667,32.47666667,32.47666667,0.504925,0.5425375,0.5115375,178.687,130.998,23.202002
88,88,6.375438755,38.86978081,1555,1.5,Eutric Cambisols,0.010251328,0.008831401,0.013244528,4.462759,4.7415085,4.536725,27.76962406,30.03950769,31.06,31.43166667,31.43166667,31.43166667,0.474666667,0.461125,0.612575,190.76999,125.17802,23.841003
89,89,6.393604125,38.88769314,1943,10,Eutric Cambisols,0.010251328,0.008831401,0.013244528,4.462759,4.7415085,4.536725,27.60571429,29.47461538,30.3,31.01666667,31.01666667,31.01666667,0.498075,0.4958375,0.560875,190.76999,125.17802,23.841003
90,90,6.494373078,38.95458139,2552,3,Lithic Leptosols,0.010137731,0.008776194,0.013071436,4.487438,4.74865,4.5393834,26.05714286,26.89409231,25.25,28.45166667,28.45166667,28.45166667,0.683633333,0.665325,0.5354875,179.753,129.108,25.011002
91,91,6.519350461,38.72967122,2012,74.68,Lithic Leptosols,0.011314323,0.010065204,0.01578793,4.464583,4.816725,4.6962533,22.86087719,23.58347826,23.2225,24.335,24.335,24.335,0.776408333,0.7834375,0.6238125,170.89001,130.917,25.740002
92,92,6.976569568,38.53710025,1722,6.5,Mollic Andosols,0.010175151,0.008825635,0.013302283,4.504659932,4.785605812,4.591854067,22.99633333,23.95538043,24.11,23.887,23.887,23.887,0.766825,0.7285625,0.64425,180.384,173.22302,34.17
93,93,6.374760268,38.9589382,2451,23,Lithic Leptosols,0.009801611,0.008413507,0.012345696,4.4971743,4.757693,4.543824,26.55836601,28.4424,27.83,29.86166667,29.86166667,29.86166667,0.608575,0.5716375,0.5613375,181.718,125.826004,25.128002
94,94,6.638085761,38.41857708,1857,22.24,Humic Nitisols,0.010175151,0.008825635,0.013302283,4.504659932,4.785605812,4.591854067,21.55769521,22.28871749,21.82642857,23.24114286,23.24114286,23.24114286,0.704760714,0.699998214,0.560517857,182.93701,152.14502,21.852001
95,95,6.630224353,38.40765361,1882,47.3,Humic Nitisols,0.010175151,0.008825635,0.013302283,4.504659932,4.785605812,4.591854067,21.10515855,21.8039815,20.17428571,22.4762381,22.4762381,22.4762381,0.696058333,0.691592857,0.598828571,182.93701,152.14502,21.852001
96,96,6.758567035,38.40267697,1702,30.01,Lithic Leptosols,0.010175151,0.008825635,0.013302283,4.504659932,4.785605812,4.591854067,23.0637247,23.46063077,23.195,23.81833333,23.81833333,23.81833333,0.719183333,0.748,0.584275,182.836,159.19801,23.217
97,97,6.672254388,38.31915199,1763,44.1,Humic Nitisols,0.010175151,0.008825635,0.013302283,4.504659932,4.785605812,4.591854067,25.50310185,25.36,25.81333333,25.07452381,25.07452381,25.07452381,0.716866667,0.7130125,0.4991,182.263,148.251,23.210999
98,98,7.031210418,38.48613906,1859,80.05,Mollic Andosols,0.010175151,0.008825635,0.013302283,4.504659932,4.785605812,4.591854067,19.22237071,21.08302072,19.1990288,21.19953493,21.19953493,21.19953493,0.735578768,0.751536121,0.611271117,177.90302,172.28702,32.267998
99,99,7.034494303,38.50940532,1696,46.13,Mollic Andosols,0.010175151,0.008825635,0.013302283,4.504659932,4.785605812,4.591854067,20.45337409,21.56795164,19.47642261,21.1479605,21.1479605,21.1479605,0.716465029,0.712819171,0.565522134,177.7519328,173.4300628,31.77025723
100,100,6.620834084,38.42131692,1917,85.16,Humic Nitisols,0.010175151,0.008825635,0.013302283,4.504659932,4.785605812,4.591854067,24.18216364,24.35153846,24.84833333,25.31,25.31,25.31,0.679791667,0.7393125,0.55595,177.36401,148.11,24.573002
101,101,6.519350461,38.72967122,2012,74.68,Lithic Leptosols,0.011314323,0.010065204,0.01578793,4.464583,4.816725,4.6962533,22.86087719,23.58347826,23.2225,24.335,24.335,24.335,0.776408333,0.7834375,0.6238125,170.89001,130.917,25.740002
102,102,6.367857793,38.88374955,1543,14,Eutric Cambisols,0.010251328,0.008831401,0.013244528,4.462759,4.7415085,4.536725,27.6687782,30.27113043,28.8125,32.47666667,32.47666667,32.47666667,0.504925,0.5425375,0.5115375,178.687,130.998,23.202002
103,103,6.587524879,38.60413223,2592,3.7,Lithic Leptosols,0.010175151,0.008825635,0.013302283,4.504659932,4.785605812,4.591854067,23.0275,23.5426087,22.59666667,24.34666667,24.34666667,24.34666667,0.755483333,0.671175,0.528425,172.46701,139.236,25.641
104,104,7.018653881,38.48215954,1824,52.12,Mollic Andosols,0.010175151,0.008825635,0.013302283,4.504659932,4.785605812,4.591854067,19.30726757,21.25532539,19.031875,21.57495833,21.57495833,21.57495833,0.737490972,0.75164375,0.614611979,179.3361938,174.2110761,31.65510779
105,105,7.031382301,38.49895796,1704,56.72,Mollic Andosols,0.010175151,0.008825635,0.013302283,4.504659932,4.785605812,4.591854067,20.29072348,21.56736587,19.4036826,21.25665564,21.25665564,21.25665564,0.716822518,0.716797564,0.571094738,177.8324243,172.8211084,32.03542792
106,106,6.896240524,38.38950035,1929,42,Humic Nitisols,0.010175151,0.008825635,0.013302283,4.504659932,4.785605812,4.591854067,20.84209211,22.29741963,21.77636364,22.88636364,22.88636364,22.88636364,0.764079545,0.749295455,0.562285227,179.44,164.90701,25.125
107,107,6.901265581,38.38981252,2015,45,Humic Nitisols,0.010175151,0.008825635,0.013302283,4.504659932,4.785605812,4.591854067,19.40636996,21.19300038,20.86418367,22.62459184,22.62459184,22.62459184,0.752058163,0.738153571,0.507581378,169.222,161.58002,28.638
108,108,6.393604126,38.88769314,1943,10,Eutric Cambisols,0.010251328,0.008831401,0.013244528,4.462759,4.7415085,4.536725,27.60571429,29.47461538,30.3,31.01666667,31.01666667,31.01666667,0.498075,0.4958375,0.560875,190.76999,125.17802,23.841003
109,109,6.976813821,38.53072224,1722,6.6,Mollic Andosols,0.010175151,0.008825635,0.013302283,4.504659932,4.785605812,4.591854067,22.99633333,23.95538043,24.11,23.887,23.887,23.887,0.766825,0.7285625,0.64425,180.384,173.22302,34.17
110,110,6.974380318,38.53647143,1722,8.5,Mollic Andosols,0.010175151,0.008825635,0.013302283,4.504659932,4.785605812,4.591854067,22.99633333,23.95538043,24.11,23.887,23.887,23.887,0.766825,0.7285625,0.64425,180.384,173.22302,34.17
111,111,6.976569563,38.53710025,1722,6.5,Mollic Andosols,0.010175151,0.008825635,0.013302283,4.504659932,4.785605812,4.591854067,22.99633333,23.95538043,24.11,23.887,23.887,23.887,0.766825,0.7285625,0.64425,180.384,173.22302,34.17
112,112,6.971666363,38.51134567,1741,5.55,Mollic Andosols,0.010175151,0.008825635,0.013302283,4.504659932,4.785605812,4.591854067,23.13766667,23.92875,24.365,23.985,23.985,23.985,0.656258333,0.6359,0.605875,180.384,173.22302,34.17
113,113,6.276388639,38.92205354,1457,6,Eutric Leptosols,0.009723377,0.008307966,0.012290467,4.49883,4.7725863,4.5699797,31.03284072,33.59961739,31.36666667,34.41166667,34.41166667,34.41166667,0.326241667,0.34585,0.3368375,175.746,127.68001,24.189001
114,114,6.322996203,38.92169421,1665,0,Eutric Leptosols,0.009723377,0.008307966,0.012290467,4.49883,4.7725863,4.5699797,28.18697368,29.88823718,31.13916667,31.35833333,31.35833333,31.35833333,0.412958333,0.4275875,0.4464,181.718,125.826004,25.128002
115,115,6.32135878,38.89318182,1479,2,Eutric Leptosols,0.009723377,0.008307966,0.012290467,4.49883,4.7725863,4.5699797,29.008,30.1092,31.755,31.78166667,31.78166667,31.78166667,0.413575,0.395325,0.4394625,190.76999,125.17802,23.841003
116,116,6.629835353,38.3365433,1815,22.3,Humic Nitisols,0.010175151,0.008825635,0.013302283,4.504659932,4.785605812,4.591854067,28.99875747,28.90846154,29.12,28.93666667,28.93666667,28.93666667,0.528083333,0.5915,0.5443125,182.263,148.251,23.210999
117,117,6.202153066,38.94928135,1400,5,Eutric Leptosols,0.009048481,0.007650074,0.010909032,4.5845637,4.8467956,4.6357536,28.53766763,30.85149471,30.93152381,32.91761905,32.91761905,32.91761905,0.46517619,0.487089286,0.519696429,179.27202,130.962,23.730001
118,118,6.205599783,38.94707151,1412,5.5,Eutric Leptosols,0.0093118,0.0078861,0.011482677,4.559915,4.832783,4.635508,28.70665651,30.89287604,30.85335034,32.98517007,32.98517007,32.98517007,0.485203231,0.499903827,0.540791327,179.27202,130.962,23.730001
119,119,7.04980098,38.50471613,1701,25.3,Mollic Andosols,0.010175151,0.008825635,0.013302283,4.504659932,4.785605812,4.591854067,20.30198778,21.57372984,19.39334189,21.26686511,21.26686511,21.26686511,0.71758272,0.716278846,0.571693761,177.8284392,172.8512575,32.0222994
120,120,6.458223268,38.79105282,1924,0,Eutric Cambisols,0.010920986,0.0095362,0.014829038,4.454793,4.7564692,4.568593,27.00171429,29.31731667,28.50333333,30.98166667,30.98166667,30.98166667,0.56625,0.5380875,0.4998875,190.76999,125.17802,23.841003
121,121,6.375438752,38.86978081,1555,1.5,Eutric Cambisols,0.010251328,0.008831401,0.013244528,4.462759,4.7415085,4.536725,27.76962406,30.03950769,31.06,31.43166667,31.43166667,31.43166667,0.474666667,0.461125,0.612575,190.76999,125.17802,23.841003
122,122,6.840071019,38.45473498,1837,29,Lithic Leptosols,0.010175151,0.008825635,0.013302283,4.504659932,4.785605812,4.591854067,20.44869926,22.05402313,21.13690476,22.06247619,22.06247619,22.06247619,0.725238095,0.736994643,0.618773214,181.46501,166.356,23.583
123,123,6.843889412,38.4550437,1851,17,Lithic Leptosols,0.010175151,0.008825635,0.013302283,4.504659932,4.785605812,4.591854067,20.44869926,22.05402313,21.13690476,22.06247619,22.06247619,22.06247619,0.725238095,0.736994643,0.618773214,181.46501,166.356,23.583
124,124,6.838274736,38.45015871,1838,15.5,Lithic Leptosols,0.010175151,0.008825635,0.013302283,4.504659932,4.785605812,4.591854067,20.54339869,22.01878623,21.145,20.985,20.985,20.985,0.766991667,0.75535,0.65815,172.71701,160.815,31.833002
125,125,6.617949878,38.43808252,1934,8,Eutric Cambisols,0.010175151,0.008825635,0.013302283,4.504659932,4.785605812,4.591854067,21.9335,22.65469091,21.22583333,23.11666667,23.11666667,23.11666667,0.756675,0.7369,0.5708125,173.09502,138.05402,25.374
126,126,7.058377057,38.49465505,1716,22.3,Mollic Andosols,0.010175151,0.008825635,0.013302283,4.504659932,4.785605812,4.591854067,19.84947473,21.38696315,19.24025875,21.43610079,21.43610079,21.43610079,0.728643988,0.740452326,0.594339662,177.90302,172.28702,32.267998
127,127,6.839933885,38.46775289,1896,8,Lithic Leptosols,0.010175151,0.008825635,0.013302283,4.504659932,4.785605812,4.591854067,21.10429056,22.69324116,20.89380952,22.57835714,22.57835714,22.57835714,0.727316667,0.737660714,0.635025,181.46501,166.356,23.583
128,128,6.863201669,38.44983048,1830,7.1,Lithic Leptosols,0.010175151,0.008825635,0.013302283,4.504659932,4.785605812,4.591854067,19.97194444,21.0330087,21.335,20.93416667,20.93416667,20.93416667,0.754325,0.7730625,0.61395,169.222,161.58002,28.638
129,129,6.858341539,38.46243785,1872,17,Lithic Leptosols,0.010175151,0.008825635,0.013302283,4.504659932,4.785605812,4.591854067,20.19831169,22.21399666,20.06333333,22.71233333,22.71233333,22.71233333,0.690408333,0.6992125,0.5418875,172.97,165.138,26.745
130,130,6.468852906,38.35094323,1826,11.5,Eutric Cambisols,0.010175151,0.008825635,0.013302283,4.504659932,4.785605812,4.591854067,26.25526316,27.2628,27.613,28.82666667,28.82666667,28.82666667,0.634075,0.6515125,0.7187,170.89001,130.917,25.740002
131,131,6.8285454,38.47895074,1890,16,Lithic Leptosols,0.010175151,0.008825635,0.013302283,4.504659932,4.785605812,4.591854067,18.82190283,20.64068182,16.15,19.93533333,19.93533333,19.93533333,0.673433333,0.7109625,0.4651,169.222,161.58002,28.638
132,132,6.8646856,38.45818237,1869,13.1,Lithic Leptosols,0.010175151,0.008825635,0.013302283,4.504659932,4.785605812,4.591854067,19.97194444,21.0330087,21.335,20.93416667,20.93416667,20.93416667,0.754325,0.7730625,0.61395,169.222,161.58002,28.638
133,133,6.547647911,38.54035214,2691,17.4,Lithic Leptosols,0.010175151,0.008825635,0.013302283,4.504659932,4.785605812,4.591854067,24.32571429,25.2902,24.88666667,26.46,26.46,26.46,0.681575,0.6235125,0.6233375,177.33,129.171,25.275002
134,134,6.983467872,38.53266605,1709,10.69,Fibric Histosols,0.010175151,0.008825635,0.013302283,4.504659932,4.785605812,4.591854067,22.58437076,23.52860101,23.49,23.4537415,23.4537415,23.4537415,0.744873129,0.718382143,0.609762755,187.516,178.60802,25.299002
135,135,6.974067351,38.55022924,1709,2.87,Mollic Andosols,0.010175151,0.008825635,0.013302283,4.504659932,4.785605812,4.591854067,21.92740351,23.20740942,23.435,23.37,23.37,23.37,0.761133333,0.7503875,0.488125,180.384,173.22302,34.17
136,136,6.982026892,38.54379303,1708,5.63,Mollic Andosols,0.010175151,0.008825635,0.013302283,4.504659932,4.785605812,4.591854067,22.13019573,23.23448307,22.91207483,23.25827211,23.25827211,23.25827211,0.747119898,0.730845408,0.576127296,187.516,178.60802,25.299002
137,137,6.989684144,38.53765408,1706,4.46,Fibric Histosols,0.010175151,0.008825635,0.013302283,4.504659932,4.785605812,4.591854067,22.06290021,22.70081168,21.72950617,22.16067901,22.16067901,22.16067901,0.732442901,0.704335648,0.576197222,184.28502,178.995,28.020002
138,138,6.581843625,38.41345156,1924,18,Eutric Cambisols,0.010175151,0.008825635,0.013302283,4.504659932,4.785605812,4.591854067,20.21280952,21.6122619,20.25,22.19233333,22.19233333,22.19233333,0.740683333,0.704625,0.451225,169.632,136.713,27.825003
139,139,6.311516191,38.90297341,1457,0,Eutric Leptosols,0.009723377,0.008307966,0.012290467,4.49883,4.7725863,4.5699797,29.39158024,31.58904451,31.66221429,32.92547619,32.92547619,32.92547619,0.390715476,0.387508929,0.455255357,180.02402,129.921,23.469002
140,140,7.046299977,38.46433705,1702,5.61,Mollic Andosols,0.010175151,0.008825635,0.013302283,4.504659932,4.785605812,4.591854067,18.09751968,20.03978641,19.642979,20.10476115,20.10476115,20.10476115,0.731877209,0.724447572,0.559901772,180.1330065,175.7917002,29.10736669
141,141,7.04371645,38.47844519,1824,20,Mollic Andosols,0.010175151,0.008825635,0.013302283,4.504659932,4.785605812,4.591854067,18.6477827,20.57613739,19.38588364,20.69535346,20.69535346,20.69535346,0.750026115,0.746506037,0.595269226,178.9736003,173.9695601,30.75063021
142,142,6.964354539,38.52896467,1762,37.9,Chromic Luvisols,0.010175151,0.008825635,0.013302283,4.504659932,4.785605812,4.591854067,20.04047794,20.502,19.65,19.664,19.664,19.664,0.748883333,0.71345,0.5592,177.90302,172.28702,32.267998
143,143,7.031210422,38.48613906,1859,80,Mollic Andosols,0.010175151,0.008825635,0.013302283,4.504659932,4.785605812,4.591854067,19.22237071,21.08302072,19.1990288,21.19953493,21.19953493,21.19953493,0.735578768,0.751536121,0.611271117,177.90302,172.28702,32.267998
144,144,7.034481523,38.50939028,1696,46.13,Mollic Andosols,0.010175151,0.008825635,0.013302283,4.504659932,4.785605812,4.591854067,20.45337409,21.56795164,19.47642261,21.1479605,21.1479605,21.1479605,0.716465029,0.712819171,0.565522134,177.7519328,173.4300628,31.77025723
145,145,6.620840687,38.42128539,1917,85.16,Humic Nitisols,0.010175151,0.008825635,0.013302283,4.504659932,4.785605812,4.591854067,24.18216364,24.35153846,24.84833333,25.31,25.31,25.31,0.679791667,0.7393125,0.55595,177.36401,148.11,24.573002
146,146,6.897640071,38.36593714,1964,94.7,Humic Nitisols,0.010175151,0.008825635,0.013302283,4.504659932,4.785605812,4.591854067,21.81714884,23.02381749,22.12734848,23.62318182,23.62318182,23.62318182,0.704425379,0.686899432,0.584796591,179.44,164.90701,25.125
147,147,6.897695693,38.36589311,1964,94.7,Humic Nitisols,0.010175151,0.008825635,0.013302283,4.504659932,4.785605812,4.591854067,21.81714884,23.02381749,22.12734848,23.62318182,23.62318182,23.62318182,0.704425379,0.686899432,0.584796591,179.44,164.90701,25.125
148,148,6.758577016,38.40268451,1702,30.01,Lithic Leptosols,0.010175151,0.008825635,0.013302283,4.504659932,4.785605812,4.591854067,23.0637247,23.46063077,23.195,23.81833333,23.81833333,23.81833333,0.719183333,0.748,0.584275,182.836,159.19801,23.217
149,149,7.045512153,38.48241575,1859,26.7,Mollic Andosols,0.010175151,0.008825635,0.013302283,4.504659932,4.785605812,4.591854067,19.20537423,21.06111631,19.21912073,21.1547336,21.1547336,21.1547336,0.73515783,0.75145502,0.610243766,177.90302,172.28702,32.267998
150,150,7.045495447,38.4824488,1859,26.7,Mollic Andosols,0.010175151,0.008825635,0.013302283,4.504659932,4.785605812,4.591854067,19.20537423,21.06111631,19.21912073,21.1547336,21.1547336,21.1547336,0.73515783,0.75145502,0.610243766,177.90302,172.28702,32.267998
151,151,6.8399222,38.4677686,1896,8,Lithic Leptosols,0.010175151,0.008825635,0.013302283,4.504659932,4.785605812,4.591854067,21.10429056,22.69324116,20.89380952,22.57835714,22.57835714,22.57835714,0.727316667,0.737660714,0.635025,181.46501,166.356,23.583
152,152,6.828550751,38.47897053,1890,16,Lithic Leptosols,0.010175151,0.008825635,0.013302283,4.504659932,4.785605812,4.591854067,18.82190283,20.64068182,16.15,19.93533333,19.93533333,19.93533333,0.673433333,0.7109625,0.4651,169.222,161.58002,28.638
153,153,6.756253235,38.51198294,2030,22.3,Lithic Leptosols,0.010175151,0.008825635,0.013302283,4.504659932,4.785605812,4.591854067,17.5349226,20.16893939,18.8,20.3875,20.3875,20.3875,0.714482292,0.661784375,0.532376563,172.83801,153.414,30.474003
154,154,6.519368167,38.72965705,2012,74.68,Lithic Leptosols,0.011314323,0.010065204,0.01578793,4.464583,4.816725,4.6962533,22.86087719,23.58347826,23.2225,24.335,24.335,24.335,0.776408333,0.7834375,0.6238125,170.89001,130.917,25.740002
155,155,6.883402234,38.39341042,1844,73.44,Humic Nitisols,0.010175151,0.008825635,0.013302283,4.504659932,4.785605812,4.591854067,21.9662696,23.32703507,22.50748299,22.97278912,22.97278912,22.97278912,0.742802381,0.73406148,0.587996173,180.68001,169.89001,22.944
156,156,6.883435528,38.39344354,1844,73.44,Humic Nitisols,0.010175151,0.008825635,0.013302283,4.504659932,4.785605812,4.591854067,21.9662696,23.32703507,22.50748299,22.97278912,22.97278912,22.97278912,0.742802381,0.73406148,0.587996173,180.68001,169.89001,22.944
157,157,6.863198842,38.44981136,1830,7.1,Lithic Leptosols,0.010175151,0.008825635,0.013302283,4.504659932,4.785605812,4.591854067,19.97194444,21.0330087,21.335,20.93416667,20.93416667,20.93416667,0.754325,0.7730625,0.61395,169.222,161.58002,28.638
158,158,6.588357602,38.60298038,2592,73.44,Lithic Leptosols,0.010175151,0.008825635,0.013302283,4.504659932,4.785605812,4.591854067,23.0275,23.5426087,22.59666667,24.34666667,24.34666667,24.34666667,0.755483333,0.671175,0.528425,172.46701,139.236,25.641
159,159,6.49439583,38.95460971,2552,0.5,Lithic Leptosols,0.010137731,0.008776194,0.013071436,4.487438,4.74865,4.5393834,26.05714286,26.89409231,25.25,28.45166667,28.45166667,28.45166667,0.683633333,0.665325,0.5354875,179.753,129.108,25.011002
160,160,7.01860966,38.48218753,1824,52.12,Mollic Andosols,0.010175151,0.008825635,0.013302283,4.504659932,4.785605812,4.591854067,19.30726757,21.25532539,19.031875,21.57495833,21.57495833,21.57495833,0.737490972,0.75164375,0.614611979,179.3361938,174.2110761,31.65510779
161,161,7.031392424,38.4989693,1704,56.72,Mollic Andosols,0.010175151,0.008825635,0.013302283,4.504659932,4.785605812,4.591854067,20.29072348,21.56736587,19.4036826,21.25665564,21.25665564,21.25665564,0.716822518,0.716797564,0.571094738,177.8324243,172.8211084,32.03542792
162,162,6.843893612,38.45502156,1851,17,Lithic Leptosols,0.010175151,0.008825635,0.013302283,4.504659932,4.785605812,4.591854067,20.44869926,22.05402313,21.13690476,22.06247619,22.06247619,22.06247619,0.725238095,0.736994643,0.618773214,181.46501,166.356,23.583
163,163,6.441489648,38.68600797,2456,5.4,Lithic Leptosols,0.010988227,0.00967896,0.014965602,4.45333,4.790122,4.6623626,25.68396825,28.94165217,27.165,30.83166667,30.83166667,30.83166667,0.561883333,0.5492875,0.5694,178.687,130.998,23.202002
164,164,6.441456321,38.68599692,2456,5.4,Lithic Leptosols,0.010988227,0.00967896,0.014965602,4.45333,4.790122,4.6623626,25.68396825,28.94165217,27.165,30.83166667,30.83166667,30.83166667,0.561883333,0.5492875,0.5694,178.687,130.998,23.202002
165,165,6.850244359,38.28865182,1867,244.15,Humic Nitisols,0.010175151,0.008825635,0.013302283,4.504659932,4.785605812,4.591854067,20.29433333,20.88001739,21.31,20.442,20.442,20.442,0.769225,0.766775,0.6057125,169.222,161.58002,28.638
166,166,6.850244309,38.2886849,1867,244.15,Humic Nitisols,0.010175151,0.008825635,0.013302283,4.504659932,4.785605812,4.591854067,20.29433333,20.88001739,21.31,20.442,20.442,20.442,0.769225,0.766775,0.6057125,169.222,161.58002,28.638
167,167,6.896281889,38.38954366,1929,42,Humic Nitisols,0.010175151,0.008825635,0.013302283,4.504659932,4.785605812,4.591854067,20.84209211,22.29741963,21.77636364,22.88636364,22.88636364,22.88636364,0.764079545,0.749295455,0.562285227,179.44,164.90701,25.125
168,168,6.901311742,38.3898401,2015,45,Humic Nitisols,0.010175151,0.008825635,0.013302283,4.504659932,4.785605812,4.591854067,19.40636996,21.19300038,20.86418367,22.62459184,22.62459184,22.62459184,0.752058163,0.738153571,0.507581378,169.222,161.58002,28.638
169,169,6.944454587,38.4369538,1855,119,Humic Nitisols,0.010175151,0.008825635,0.013302283,4.504659932,4.785605812,4.591854067,19.09596816,21.51807129,21.435,21.71878788,21.71878788,21.71878788,0.767715909,0.710297727,0.608417614,179.44,164.90701,25.125
170,170,6.513257402,38.4882043,2748,9,Eutric Cambisols,0.010175151,0.008825635,0.013302283,4.504659932,4.785605812,4.591854067,25.71175325,26.842,26.87,28.14666667,28.14666667,28.14666667,0.700058333,0.7043875,0.649025,179.753,129.108,25.011002
171,171,6.513290715,38.4882264,2748,9,Eutric Cambisols,0.010175151,0.008825635,0.013302283,4.504659932,4.785605812,4.591854067,25.71175325,26.842,26.87,28.14666667,28.14666667,28.14666667,0.700058333,0.7043875,0.649025,179.753,129.108,25.011002
172,172,6.976853875,38.53076325,1722,6.6,Mollic Andosols,0.010175151,0.008825635,0.013302283,4.504659932,4.785605812,4.591854067,22.99633333,23.95538043,24.11,23.887,23.887,23.887,0.766825,0.7285625,0.64425,180.384,173.22302,34.17
173,173,6.983048068,38.53711991,1709,8.5,Mollic Andosols,0.010175151,0.008825635,0.013302283,4.504659932,4.785605812,4.591854067,22.58437076,23.52860101,23.49,23.4537415,23.4537415,23.4537415,0.744873129,0.718382143,0.609762755,187.516,178.60802,25.299002
174,174,6.974347873,38.53651599,1722,8.53,Mollic Andosols,0.010175151,0.008825635,0.013302283,4.504659932,4.785605812,4.591854067,22.99633333,23.95538043,24.11,23.887,23.887,23.887,0.766825,0.7285625,0.64425,180.384,173.22302,34.17
175,175,6.971673429,38.51130923,1741,5.55,Mollic Andosols,0.010175151,0.008825635,0.013302283,4.504659932,4.785605812,4.591854067,23.13766667,23.92875,24.365,23.985,23.985,23.985,0.656258333,0.6359,0.605875,180.384,173.22302,34.17
176,176,6.505026065,38.63728012,2136,18.5,Eutric Cambisols,0.011314323,0.010065204,0.01578793,4.464583,4.816725,4.6962533,24.56052632,25.6207,25.525,27.26666667,27.26666667,27.26666667,0.7108,0.7332625,0.6633875,175.27602,129.513,24.378002
177,177,6.725470095,38.49308894,1979,0,Lithic Leptosols,0.010175151,0.008825635,0.013302283,4.504659932,4.785605812,4.591854067,19.31697479,21.11704545,20.02,21.21,21.21,21.21,0.694666667,0.7344875,0.7002,171.21002,158.733,28.817999
178,178,6.450621782,38.63883059,2578,36,Lithic Leptosols,0.011221153,0.009954848,0.015552979,4.461367857,4.809124143,4.686570243,26.65369187,28.9789625,27.37083333,30.58958333,30.58958333,30.58958333,0.602230952,0.5106875,0.539403571,178.687,130.998,23.202002
179,179,6.450655125,38.63881958,2578,36,Lithic Leptosols,0.011221153,0.009954848,0.015552979,4.461367857,4.809124143,4.686570243,26.65369187,28.9789625,27.37083333,30.58958333,30.58958333,30.58958333,0.602230952,0.5106875,0.539403571,178.687,130.998,23.202002
180,180,6.840048851,38.45474309,1837,29,Lithic Leptosols,0.010175151,0.008825635,0.013302283,4.504659932,4.785605812,4.591854067,20.44869926,22.05402313,21.13690476,22.06247619,22.06247619,22.06247619,0.725238095,0.736994643,0.618773214,181.46501,166.356,23.583
181,181,6.374791106,38.9589703,2451,23,Lithic Leptosols,0.009801611,0.008413507,0.012345696,4.4971743,4.757693,4.543824,26.55836601,28.4424,27.83,29.86166667,29.86166667,29.86166667,0.608575,0.5716375,0.5613375,181.718,125.826004,25.128002
182,182,7.049788009,38.50474337,1701,25.3,Mollic Andosols,0.010175151,0.008825635,0.013302283,4.504659932,4.785605812,4.591854067,20.30198778,21.57372984,19.39334189,21.26686511,21.26686511,21.26686511,0.71758272,0.716278846,0.571693761,177.8284392,172.8512575,32.0222994
183,183,7.062607997,38.48769287,1790,8.5,Mollic Andosols,0.010175151,0.008825635,0.013302283,4.504659932,4.785605812,4.591854067,19.19048647,21.04289658,19.23569286,21.11782232,21.11782232,21.11782232,0.73478619,0.751379406,0.609316344,177.90302,172.28702,32.267998
184,184,7.044502864,38.49064939,1790,27.72,Mollic Andosols,0.010175151,0.008825635,0.013302283,4.504659932,4.785605812,4.591854067,19.84388246,21.39454487,19.23587052,21.44192563,21.44192563,21.44192563,0.728120035,0.739919423,0.594314862,177.90302,172.28702,32.267998
185,185,6.838239551,38.45014373,1838,15.5,Lithic Leptosols,0.010175151,0.008825635,0.013302283,4.504659932,4.785605812,4.591854067,20.54339869,22.01878623,21.145,20.985,20.985,20.985,0.766991667,0.75535,0.65815,172.71701,160.815,31.833002
186,186,6.73171781,38.36849901,1775,30.5,Humic Nitisols,0.010175151,0.008825635,0.013302283,4.504659932,4.785605812,4.591854067,18.48933824,20.59153043,15.38,21.12666667,21.12666667,21.12666667,0.691525,0.6236875,0.38805,172.83801,153.414,30.474003
187,187,7.058999938,38.49463367,1716,22.3,Mollic Andosols,0.010175151,0.008825635,0.013302283,4.504659932,4.785605812,4.591854067,19.85281181,21.38252302,19.24289579,21.43261409,21.43261409,21.43261409,0.728956663,0.740763198,0.594366259,177.90302,172.28702,32.267998
188,188,7.058999895,38.49467225,1716,22.3,Mollic Andosols,0.010175151,0.008825635,0.013302283,4.504659932,4.785605812,4.591854067,19.85281181,21.38252302,19.24289579,21.43261409,21.43261409,21.43261409,0.728956663,0.740763198,0.594366259,177.90302,172.28702,32.267998
189,189,6.8647277,38.4581926,1869,13.1,Lithic Leptosols,0.010175151,0.008825635,0.013302283,4.504659932,4.785605812,4.591854067,19.97194444,21.0330087,21.335,20.93416667,20.93416667,20.93416667,0.754325,0.7730625,0.61395,169.222,161.58002,28.638
190,190,6.85829564,38.46247754,1872,17,Lithic Leptosols,0.010175151,0.008825635,0.013302283,4.504659932,4.785605812,4.591854067,20.19831169,22.21399666,20.06333333,22.71233333,22.71233333,22.71233333,0.690408333,0.6992125,0.5418875,172.97,165.138,26.745
191,191,6.547609028,38.54037983,2691,17.4,Lithic Leptosols,0.010175151,0.008825635,0.013302283,4.504659932,4.785605812,4.591854067,24.32571429,25.2902,24.88666667,26.46,26.46,26.46,0.681575,0.6235125,0.6233375,177.33,129.171,25.275002
192,192,6.97295142,38.53284317,1722,6.93,Mollic Andosols,0.010175151,0.008825635,0.013302283,4.504659932,4.785605812,4.591854067,22.99633333,23.95538043,24.11,23.887,23.887,23.887,0.766825,0.7285625,0.64425,180.384,173.22302,34.17
193,193,7.051188146,38.50474486,1701,25.39,Mollic Andosols,0.010175151,0.008825635,0.013302283,4.504659932,4.785605812,4.591854067,20.30198778,21.57372984,19.39334189,21.26686511,21.26686511,21.26686511,0.71758272,0.716278846,0.571693761,177.8284392,172.8512575,32.0222994
194,194,7.0460885,38.50394574,1701,30.17,Mollic Andosols,0.010175151,0.008825635,0.013302283,4.504659932,4.785605812,4.591854067,20.29825808,21.57153618,19.39707349,21.26340245,21.26340245,21.26340245,0.717343832,0.716464403,0.57151122,177.8298225,172.840792,32.02685664
195,195,7.049891233,38.5017671,1704,24.8,Mollic Andosols,0.010175151,0.008825635,0.013302283,4.504659932,4.785605812,4.591854067,20.30198778,21.57372984,19.39334189,21.26686511,21.26686511,21.26686511,0.71758272,0.716278846,0.571693761,177.8284392,172.8512575,32.0222994
196,196,6.539347923,38.49955297,2720,12.4,Eutric Cambisols,0.010175151,0.008825635,0.013302283,4.504659932,4.785605812,4.591854067,24.896,26.981,25.955,28.29,28.29,28.29,0.629575,0.6368875,0.5446,177.33,129.171,25.275002
197,197,6.539392359,38.49956405,2720,12.4,Eutric Cambisols,0.010175151,0.008825635,0.013302283,4.504659932,4.785605812,4.591854067,24.896,26.981,25.955,28.29,28.29,28.29,0.629575,0.6368875,0.5446,177.33,129.171,25.275002
198,198,7.0463329,38.46435974,1702,5.61,Mollic Andosols,0.010175151,0.008825635,0.013302283,4.504659932,4.785605812,4.591854067,18.09751968,20.03978641,19.642979,20.10476115,20.10476115,20.10476115,0.731877209,0.724447572,0.559901772,180.1330065,175.7917002,29.10736669
199,199,7.043685544,38.4784046,1824,20.2,Mollic Andosols,0.010175151,0.008825635,0.013302283,4.504659932,4.785605812,4.591854067,18.6477827,20.57613739,19.38588364,20.69535346,20.69535346,20.69535346,0.750026115,0.746506037,0.595269226,178.9736003,173.9695601,30.75063021
200,200,6.964402026,38.52892562,1762,37.9,Chromic Luvisols,0.010175151,0.008825635,0.013302283,4.504659932,4.785605812,4.591854067,20.04047794,20.502,19.65,19.664,19.664,19.664,0.748883333,0.71345,0.5592,177.90302,172.28702,32.267998
201,201,7.034494301,38.50940532,1696,46.13,Mollic Andosols,0.010175151,0.008825635,0.013302283,4.504659932,4.785605812,4.591854067,20.45337409,21.56795164,19.47642261,21.1479605,21.1479605,21.1479605,0.716465029,0.712819171,0.565522134,177.7519328,173.4300628,31.77025723
202,202,6.897695693,38.3658931,1964,94.7,Humic Nitisols,0.010175151,0.008825635,0.013302283,4.504659932,4.785605812,4.591854067,21.81714884,23.02381749,22.12734848,23.62318182,23.62318182,23.62318182,0.704425379,0.686899432,0.584796591,179.44,164.90701,25.125
203,203,6.622709906,38.42217231,1904,85.16,Humic Nitisols,0.010175151,0.008825635,0.013302283,4.504659932,4.785605812,4.591854067,24.18216364,24.35153846,24.84833333,25.31,25.31,25.31,0.679791667,0.7393125,0.55595,177.36401,148.11,24.573002
204,204,6.731726072,38.36849623,1775,30.5,Humic Nitisols,0.010175151,0.008825635,0.013302283,4.504659932,4.785605812,4.591854067,18.48933824,20.59153043,15.38,21.12666667,21.12666667,21.12666667,0.691525,0.6236875,0.38805,172.83801,153.414,30.474003
205,205,6.20402859,38.95013697,1391,5,Eutric Leptosols,0.009048481,0.007650074,0.010909032,4.5845637,4.8467956,4.6357536,28.53766763,30.85149471,30.93152381,32.91761905,32.91761905,32.91761905,0.46517619,0.487089286,0.519696429,179.27202,130.962,23.730001
206,206,6.207475308,38.94792712,1418,5.5,Eutric Leptosols,0.0093118,0.0078861,0.011482677,4.559915,4.832783,4.635508,28.70665651,30.89287604,30.85335034,32.98517007,32.98517007,32.98517007,0.485203231,0.499903827,0.540791327,179.27202,130.962,23.730001
207,207,6.278264208,38.92290914,1417,6,Eutric Leptosols,0.009723377,0.008307966,0.012290467,4.49883,4.7725863,4.5699797,31.03284072,33.59961739,31.36666667,34.41166667,34.41166667,34.41166667,0.326241667,0.34585,0.3368375,175.746,127.68001,24.189001
208,208,6.323234382,38.89403741,1463,2,Eutric Leptosols,0.009723377,0.008307966,0.012290467,4.49883,4.7725863,4.5699797,29.008,30.1092,31.755,31.78166667,31.78166667,31.78166667,0.413575,0.395325,0.4394625,190.76999,125.17802,23.841003
209,209,6.369733414,38.88460514,1543,14,Eutric Cambisols,0.010251328,0.008831401,0.013244528,4.462759,4.7415085,4.536725,27.66826471,29.96250769,30.59666667,31.45166667,31.45166667,31.45166667,0.543025,0.5253875,0.5744125,181.718,125.826004,25.128002
210,210,6.377314386,38.87063639,1555,1.5,Eutric Cambisols,0.010251328,0.008831401,0.013244528,4.462759,4.7415085,4.536725,27.76962406,30.03950769,31.06,31.43166667,31.43166667,31.43166667,0.474666667,0.461125,0.612575,190.76999,125.17802,23.841003
211,211,6.395479765,38.88854873,1943,10,Eutric Cambisols,0.010251328,0.008831401,0.013244528,4.462759,4.7415085,4.536725,27.43833333,29.72947692,30.11666667,31.36666667,31.36666667,31.36666667,0.480366667,0.4069625,0.5132,190.76999,125.17802,23.841003
212,212,6.399405947,38.89283367,1944,5,Eutric Cambisols,0.010251328,0.008831401,0.013244528,4.462759,4.7415085,4.536725,27.4185,30.44645,27.63833333,32.34333333,32.34333333,32.34333333,0.493958333,0.508,0.5129125,180.272,128.57101,25.089
213,213,6.401649482,38.87236115,1810,32,Eutric Cambisols,0.010251328,0.008831401,0.013244528,4.462759,4.7415085,4.536725,27.64507692,30.47708333,28.25,32.12,32.12,32.12,0.500066667,0.54875,0.44175,180.272,128.57101,25.089
214,214,6.397940413,38.90405359,1916,10,Eutric Cambisols,0.010251328,0.008831401,0.013244528,4.462759,4.7415085,4.536725,27.37929825,29.59463077,29.66,31.19833333,31.19833333,31.19833333,0.51745,0.498175,0.5164625,181.718,125.826004,25.128002
215,215,6.408226288,38.91224619,1897,7,Eutric Cambisols,0.010251328,0.008831401,0.013244528,4.462759,4.7415085,4.536725,26.7060381,29.85833333,28.295,31.97166667,31.97166667,31.97166667,0.494275,0.50645,0.5084375,178.687,130.998,23.202002
216,216,6.409682775,38.90541004,1827,5.5,Eutric Cambisols,0.010251328,0.008831401,0.013244528,4.462759,4.7415085,4.536725,26.26617647,27.9428,27.075,29.07,29.07,29.07,0.49985,0.487075,0.5383,181.718,125.826004,25.128002
217,217,6.758567035,38.40267697,1702,30.01,Lithic Leptosols,0.010175151,0.008825635,0.013302283,4.504659932,4.785605812,4.591854067,23.0637247,23.46063077,23.195,23.81833333,23.81833333,23.81833333,0.719183333,0.748,0.584275,182.836,159.19801,23.217
218,218,7.045495447,38.4824488,1859,26.7,Mollic Andosols,0.010175151,0.008825635,0.013302283,4.504659932,4.785605812,4.591854067,19.20537423,21.06111631,19.21912073,21.1547336,21.1547336,21.1547336,0.73515783,0.75145502,0.610243766,177.90302,172.28702,32.267998
219,219,6.988894434,38.5263895,1701,5.5,Fibric Histosols,0.010175151,0.008825635,0.013302283,4.504659932,4.785605812,4.591854067,21.56582072,22.08601869,20.65806202,21.35303101,21.35303101,21.35303101,0.711985659,0.689444477,0.55505814,182.989,179.11502,30.093002
220,220,6.756214945,38.51201042,2030,22.3,Lithic Leptosols,0.010175151,0.008825635,0.013302283,4.504659932,4.785605812,4.591854067,17.5349226,20.16893939,18.8,20.3875,20.3875,20.3875,0.714482292,0.661784375,0.532376563,172.83801,153.414,30.474003
221,221,6.52122618,38.73052673,2012,74.68,Lithic Leptosols,0.011314323,0.010065204,0.01578793,4.464583,4.816725,4.6962533,22.86087719,23.58347826,23.2225,24.335,24.335,24.335,0.776408333,0.7834375,0.6238125,170.89001,130.917,25.740002
222,222,6.883435528,38.39344354,1844,73.44,Humic Nitisols,0.010175151,0.008825635,0.013302283,4.504659932,4.785605812,4.591854067,21.9662696,23.32703507,22.50748299,22.97278912,22.97278912,22.97278912,0.742802381,0.73406148,0.587996173,180.68001,169.89001,22.944
223,223,6.590187692,38.60385582,2592,3.7,Lithic Leptosols,0.010175151,0.008825635,0.013302283,4.504659932,4.785605812,4.591854067,24.2752069,24.93538462,25.60833333,25.56833333,25.56833333,25.56833333,0.606908333,0.63975,0.5520125,178.779,136.743,23.928001
224,224,6.49624877,38.95543702,2552,0.5,Lithic Leptosols,0.010137731,0.008776194,0.013071436,4.487438,4.74865,4.5393834,26.05714286,26.89409231,25.25,28.45166667,28.45166667,28.45166667,0.683633333,0.665325,0.5354875,179.753,129.108,25.011002
225,225,7.020529843,38.48301503,1859,52.12,Mollic Andosols,0.010175151,0.008825635,0.013302283,4.504659932,4.785605812,4.591854067,19.25514252,21.13049682,19.15472222,21.29855556,21.29855556,21.29855556,0.736374537,0.751667708,0.613102778,177.90302,172.28702,32.267998
226,226,7.033258268,38.49981346,1704,56.72,Mollic Andosols,0.010175151,0.008825635,0.013302283,4.504659932,4.785605812,4.591854067,20.29072348,21.56736587,19.4036826,21.25665564,21.25665564,21.25665564,0.716822518,0.716797564,0.571094738,177.8324243,172.8211084,32.03542792
227,227,6.654424255,38.30259229,1725,13.98,Humic Nitisols,0.010175151,0.008825635,0.013302283,4.504659932,4.785605812,4.591854067,18.917,21.1134058,18.39,21.69416667,21.69416667,21.69416667,0.730708333,0.677175,0.543875,171.084,146.688,26.193
228,228,6.944499729,38.43691161,1855,119,Humic Nitisols,0.010175151,0.008825635,0.013302283,4.504659932,4.785605812,4.591854067,19.09596816,21.51807129,21.435,21.71878788,21.71878788,21.71878788,0.767715909,0.710297727,0.608417614,179.44,164.90701,25.125
229,229,7.049737652,38.48684872,1859,25.61,Mollic Andosols,0.010175151,0.008825635,0.013302283,4.504659932,4.785605812,4.591854067,19.19603377,21.04959562,19.2296133,21.1313593,21.1313593,21.1313593,0.734924938,0.751408005,0.609664466,177.90302,172.28702,32.267998
230,230,6.498718534,38.40533792,1892,11.5,Eutric Cambisols,0.010175151,0.008825635,0.013302283,4.504659932,4.785605812,4.591854067,26.76764957,30.87516667,26.61,32.195,32.195,32.195,0.5549,0.58475,0.521,175.067,138.13802,22.470001
231,231,6.631829707,38.33712915,1815,22.3,Humic Nitisols,0.010175151,0.008825635,0.013302283,4.504659932,4.785605812,4.591854067,28.99875747,28.90846154,29.12,28.93666667,28.93666667,28.93666667,0.528083333,0.5915,0.5443125,182.263,148.251,23.210999
232,232,6.982006513,38.54378369,1708,5.59,Mollic Andosols,0.010175151,0.008825635,0.013302283,4.504659932,4.785605812,4.591854067,22.13019573,23.23448307,22.91207483,23.25827211,23.25827211,23.25827211,0.747119898,0.730845408,0.576127296,187.516,178.60802,25.299002
233,233,6.974099873,38.55017966,1709,2.87,Mollic Andosols,0.010175151,0.008825635,0.013302283,4.504659932,4.785605812,4.591854067,21.92740351,23.20740942,23.435,23.37,23.37,23.37,0.761133333,0.7503875,0.488125,180.384,173.22302,34.17
234,234,6.983426814,38.53267158,1709,10.58,Fibric Histosols,0.010175151,0.008825635,0.013302283,4.504659932,4.785605812,4.591854067,22.58437076,23.52860101,23.49,23.4537415,23.4537415,23.4537415,0.744873129,0.718382143,0.609762755,187.516,178.60802,25.299002
235,235,6.989714131,38.53762127,1706,4.46,Fibric Histosols,0.010175151,0.008825635,0.013302283,4.504659932,4.785605812,4.591854067,22.06290021,22.70081168,21.72950617,22.16067901,22.16067901,22.16067901,0.732442901,0.704335648,0.576197222,184.28502,178.995,28.020002
236,236,6.973542306,38.51220116,1723,5.55,Mollic Andosols,0.010175151,0.008825635,0.013302283,4.504659932,4.785605812,4.591854067,23.13766667,23.92875,24.365,23.985,23.985,23.985,0.656258333,0.6359,0.605875,180.384,173.22302,34.17
237,237,6.505066039,38.637235,2136,18.5,Eutric Cambisols,0.011314323,0.010065204,0.01578793,4.464583,4.816725,4.6962533,24.56052632,25.6207,25.525,27.26666667,27.26666667,27.26666667,0.7108,0.7332625,0.6633875,175.27602,129.513,24.378002
238,238,7.051148905,38.504788,1701,25.39,Mollic Andosols,0.010175151,0.008825635,0.013302283,4.504659932,4.785605812,4.591854067,20.30198778,21.57372984,19.39334189,21.26686511,21.26686511,21.26686511,0.71758272,0.716278846,0.571693761,177.8284392,172.8512575,32.0222994
239,239,7.046119052,38.50390765,1701,30.17,Mollic Andosols,0.010175151,0.008825635,0.013302283,4.504659932,4.785605812,4.591854067,20.29825808,21.57153618,19.39707349,21.26340245,21.26340245,21.26340245,0.717343832,0.716464403,0.57151122,177.8298225,172.840792,32.02685664
240,240,7.049918582,38.50177866,1704,24.8,Mollic Andosols,0.010175151,0.008825635,0.013302283,4.504659932,4.785605812,4.591854067,20.30198778,21.57372984,19.39334189,21.26686511,21.26686511,21.26686511,0.71758272,0.716278846,0.571693761,177.8284392,172.8512575,32.0222994
241,241,7.06051875,38.50690665,1701,23.02,Mollic Andosols,0.010175151,0.008825635,0.013302283,4.504659932,4.785605812,4.591854067,20.30408908,21.57500548,19.39109814,21.26885374,21.26885374,21.26885374,0.717711418,0.71616796,0.571789344,177.8276303,172.8573768,32.01963474
242,242,7.059827884,38.5161176,1697,23.3,Mollic Andosols,0.010175151,0.008825635,0.013302283,4.504659932,4.785605812,4.591854067,20.35864896,21.57509432,19.41704092,21.22776207,21.22776207,21.22776207,0.717358639,0.714694444,0.569858384,177.7492439,173.4504056,31.76139893
243,243,7.051800474,38.50449748,1701,25.7,Mollic Andosols,0.010175151,0.008825635,0.013302283,4.504659932,4.785605812,4.591854067,20.30198778,21.57372984,19.39334189,21.26686511,21.26686511,21.26686511,0.71758272,0.716278846,0.571693761,177.8284392,172.8512575,32.0222994
244,244,6.539392359,38.49956405,2720,12.4,Eutric Cambisols,0.010175151,0.008825635,0.013302283,4.504659932,4.785605812,4.591854067,24.896,26.981,25.955,28.29,28.29,28.29,0.629575,0.6368875,0.5446,177.33,129.171,25.275002
245,245,6.520930859,38.5153267,2682,6,Lithic Leptosols,0.010175151,0.008825635,0.013302283,4.504659932,4.785605812,4.591854067,26.98821212,30.6996,29.41,32.77833333,32.77833333,32.77833333,0.460366667,0.5364875,0.5847375,178.86101,134.556,23.931
246,246,6.518952467,38.49347411,2719,15,Eutric Cambisols,0.010175151,0.008825635,0.013302283,4.504659932,4.785605812,4.591854067,26.76737179,29.74125,30.1875,31.45166667,31.45166667,31.45166667,0.485808333,0.5675625,0.535675,183.37401,133.626,24.651001
247,247,6.513290715,38.4882264,2748,9,Eutric Cambisols,0.010175151,0.008825635,0.013302283,4.504659932,4.785605812,4.591854067,25.71175325,26.842,26.87,28.14666667,28.14666667,28.14666667,0.700058333,0.7043875,0.649025,179.753,129.108,25.011002
248,248,6.509948744,38.49644478,2726,35,Eutric Cambisols,0.010175151,0.008825635,0.013302283,4.504659932,4.785605812,4.591854067,25.45049784,26.5452,25.31,27.735,27.735,27.735,0.674675,0.715325,0.6055,179.753,129.108,25.011002
249,249,6.441456321,38.68599692,2456,5.4,Lithic Leptosols,0.010988227,0.00967896,0.014965602,4.45333,4.790122,4.6623626,25.68396825,28.94165217,27.165,30.83166667,30.83166667,30.83166667,0.561883333,0.5492875,0.5694,178.687,130.998,23.202002
250,250,6.725502081,38.49311894,1979,0,Lithic Leptosols,0.010175151,0.008825635,0.013302283,4.504659932,4.785605812,4.591854067,19.31697479,21.11704545,20.02,21.21,21.21,21.21,0.694666667,0.7344875,0.7002,171.21002,158.733,28.817999
251,251,6.883435528,38.39344354,1844,47.5,Humic Nitisols,0.010175151,0.008825635,0.013302283,4.504659932,4.785605812,4.591854067,21.9662696,23.32703507,22.50748299,22.97278912,22.97278912,22.97278912,0.742802381,0.73406148,0.587996173,180.68001,169.89001,22.944
252,252,6.376635895,38.95979383,2451,23,Lithic Leptosols,0.009801611,0.008413507,0.012345696,4.4971743,4.757693,4.543824,26.55836601,28.4424,27.83,29.86166667,29.86166667,29.86166667,0.608575,0.5716375,0.5613375,181.718,125.826004,25.128002
253,253,7.049800977,38.50471613,1701,25.3,Mollic Andosols,0.010175151,0.008825635,0.013302283,4.504659932,4.785605812,4.591854067,20.30198778,21.57372984,19.39334189,21.26686511,21.26686511,21.26686511,0.71758272,0.716278846,0.571693761,177.8284392,172.8512575,32.0222994
254,254,7.062628913,38.48770212,1790,18.5,Mollic Andosols,0.010175151,0.008825635,0.013302283,4.504659932,4.785605812,4.591854067,19.19048647,21.04289658,19.23569286,21.11782232,21.11782232,21.11782232,0.73478619,0.751379406,0.609316344,177.90302,172.28702,32.267998
255,255,6.896281889,38.38954366,1929,42,Humic Nitisols,0.010175151,0.008825635,0.013302283,4.504659932,4.785605812,4.591854067,20.84209211,22.29741963,21.77636364,22.88636364,22.88636364,22.88636364,0.764079545,0.749295455,0.562285227,179.44,164.90701,25.125
256,256,6.901311742,38.3898401,2015,45,Humic Nitisols,0.010175151,0.008825635,0.013302283,4.504659932,4.785605812,4.591854067,19.40636996,21.19300038,20.86418367,22.62459184,22.62459184,22.62459184,0.752058163,0.738153571,0.507581378,169.222,161.58002,28.638
257,257,6.8647277,38.4581926,1869,13.1,Lithic Leptosols,0.010175151,0.008825635,0.013302283,4.504659932,4.785605812,4.591854067,19.97194444,21.0330087,21.335,20.93416667,20.93416667,20.93416667,0.754325,0.7730625,0.61395,169.222,161.58002,28.638
258,258,6.838239551,38.45014373,1838,15.5,Lithic Leptosols,0.010175151,0.008825635,0.013302283,4.504659932,4.785605812,4.591854067,20.54339869,22.01878623,21.145,20.985,20.985,20.985,0.766991667,0.75535,0.65815,172.71701,160.815,31.833002
259,259,6.840048851,38.45474308,1837,29,Lithic Leptosols,0.010175151,0.008825635,0.013302283,4.504659932,4.785605812,4.591854067,20.44869926,22.05402313,21.13690476,22.06247619,22.06247619,22.06247619,0.725238095,0.736994643,0.618773214,181.46501,166.356,23.583
260,260,6.843893613,38.45502156,1851,17,Lithic Leptosols,0.010175151,0.008825635,0.013302283,4.504659932,4.785605812,4.591854067,20.44869926,22.05402313,21.13690476,22.06247619,22.06247619,22.06247619,0.725238095,0.736994643,0.618773214,181.46501,166.356,23.583
261,261,6.863198842,38.44981135,1830,7.1,Lithic Leptosols,0.010175151,0.008825635,0.013302283,4.504659932,4.785605812,4.591854067,19.97194444,21.0330087,21.335,20.93416667,20.93416667,20.93416667,0.754325,0.7730625,0.61395,169.222,161.58002,28.638
262,262,6.85829564,38.46247754,1872,17,Lithic Leptosols,0.010175151,0.008825635,0.013302283,4.504659932,4.785605812,4.591854067,20.19831169,22.21399666,20.06333333,22.71233333,22.71233333,22.71233333,0.690408333,0.6992125,0.5418875,172.97,165.138,26.745
263,263,6.8399222,38.4677686,1896,8,Lithic Leptosols,0.010175151,0.008825635,0.013302283,4.504659932,4.785605812,4.591854067,21.10429056,22.69324116,20.89380952,22.57835714,22.57835714,22.57835714,0.727316667,0.737660714,0.635025,181.46501,166.356,23.583
264,264,6.828550751,38.47897054,1890,16,Lithic Leptosols,0.010175151,0.008825635,0.013302283,4.504659932,4.785605812,4.591854067,18.82190283,20.64068182,16.15,19.93533333,19.93533333,19.93533333,0.673433333,0.7109625,0.4651,169.222,161.58002,28.638
265,265,6.834550881,38.48937552,1912,34,Lithic Leptosols,0.010175151,0.008825635,0.013302283,4.504659932,4.785605812,4.591854067,21.57506266,22.71625,22.57,22.005,22.005,22.005,0.753725,0.7705875,0.720925,172.38101,159.039,30.546001
266,266,6.834550881,38.48937552,1912,60.1,Lithic Leptosols,0.010175151,0.008825635,0.013302283,4.504659932,4.785605812,4.591854067,21.57506266,22.71625,22.57,22.005,22.005,22.005,0.753725,0.7705875,0.720925,172.38101,159.039,30.546001
267,267,6.54952367,38.54120756,2691,17.4,Lithic Leptosols,0.010175151,0.008825635,0.013302283,4.504659932,4.785605812,4.591854067,19.7,20.97604348,21.42,21.272,21.272,21.272,0.698433333,0.5863375,0.3775125,169.632,136.713,27.825003
268,268,7.046299982,38.46433705,1702,5.61,Mollic Andosols,0.010175151,0.008825635,0.013302283,4.504659932,4.785605812,4.591854067,18.09751968,20.03978641,19.642979,20.10476115,20.10476115,20.10476115,0.731877209,0.724447572,0.559901772,180.1330065,175.7917002,29.10736669
269,269,7.044454496,38.49062163,1790,27.72,Mollic Andosols,0.010175151,0.008825635,0.013302283,4.504659932,4.785605812,4.591854067,19.84388246,21.39454487,19.23587052,21.44192563,21.44192563,21.44192563,0.728120035,0.739919423,0.594314862,177.90302,172.28702,32.267998
270,270,6.972923828,38.53286022,1722,6.93,Mollic Andosols,0.010175151,0.008825635,0.013302283,4.504659932,4.785605812,4.591854067,22.99633333,23.95538043,24.11,23.887,23.887,23.887,0.766825,0.7285625,0.64425,180.384,173.22302,34.17
271,271,6.976813823,38.53072224,1722,6.6,Mollic Andosols,0.010175151,0.008825635,0.013302283,4.504659932,4.785605812,4.591854067,22.99633333,23.95538043,24.11,23.887,23.887,23.887,0.766825,0.7285625,0.64425,180.384,173.22302,34.17
272,272,6.974380315,38.53647143,1722,8.5,Mollic Andosols,0.010175151,0.008825635,0.013302283,4.504659932,4.785605812,4.591854067,22.99633333,23.95538043,24.11,23.887,23.887,23.887,0.766825,0.7285625,0.64425,180.384,173.22302,34.17
273,273,6.983001628,38.53710025,1709,8.5,Mollic Andosols,0.010175151,0.008825635,0.013302283,4.504659932,4.785605812,4.591854067,22.58437076,23.52860101,23.49,23.4537415,23.4537415,23.4537415,0.744873129,0.718382143,0.609762755,187.516,178.60802,25.299002
274,274,7.044351485,38.47758968,1824,12.02,Mollic Andosols,0.010175151,0.008825635,0.013302283,4.504659932,4.785605812,4.591854067,18.6477827,20.57613739,19.38588364,20.69535346,20.69535346,20.69535346,0.750026115,0.746506037,0.595269226,178.9736003,173.9695601,30.75063021
275,275,7.081621185,38.48838247,1790,14.43,Mollic Andosols,0.010175151,0.008825635,0.013302283,4.504659932,4.785605812,4.591854067,19.18459969,21.03589147,19.24203414,21.10370742,21.10370742,21.10370742,0.734638637,0.751348566,0.608943961,178.9911772,173.9971842,30.72571795
276,276,7.0417315,38.48733381,1859,32.13,Mollic Andosols,0.010175151,0.008825635,0.013302283,4.504659932,4.785605812,4.591854067,19.20537423,21.06111631,19.21912073,21.1547336,21.1547336,21.1547336,0.73515783,0.75145502,0.610243766,177.90302,172.28702,32.267998
277,277,7.099366745,38.4061175,,53.75,Mollic Andosols,0.010175151,0.008825635,0.013302283,4.504659932,4.785605812,4.591854067,23.33127585,24.88557609,23.76217393,25.63688334,25.63688334,25.63688334,0.622786706,0.612521974,0.537758217,184.1555616,180.3772892,24.72127459
278,278,7.049918582,38.50177866,1704,24.8,Mollic Andosols,0.010175151,0.008825635,0.013302283,4.504659932,4.785605812,4.591854067,20.30198778,21.57372984,19.39334189,21.26686511,21.26686511,21.26686511,0.71758272,0.716278846,0.571693761,177.8284392,172.8512575,32.0222994
279,279,6.551592184,38.32132591,1753,1.5,Eutric Vertisols,0.010175151,0.008825635,0.013302283,4.504659932,4.785605812,4.591854067,26.47658571,28.55590769,29.97416667,30.26666667,30.26666667,30.26666667,0.580583333,0.62025,0.671675,178.779,136.743,23.928001
280,280,6.955690248,38.28068631,1919,323.5239623,Humic Nitisols,0.010175151,0.008825635,0.013302283,4.504659932,4.785605812,4.591854067,18.77479167,21.45067194,20.885,20.84916667,20.84916667,20.84916667,0.740641667,0.7622875,0.578925,177.90302,172.28702,32.267998
281,281,6.720472227,38.30940532,1643,123.1867196,Humic Nitisols,0.010175151,0.008825635,0.013302283,4.504659932,4.785605812,4.591854067,18.71488889,20.46205217,18.095,20.06166667,20.06166667,20.06166667,0.68495,0.6681375,0.5191625,172.83801,153.414,30.474003
282,282,7.050171883,38.48829501,1790,28.3,Mollic Andosols,0.010175151,0.008825635,0.013302283,4.504659932,4.785605812,4.591854067,19.19603377,21.04959562,19.2296133,21.1313593,21.1313593,21.1313593,0.734924938,0.751408005,0.609664466,177.90302,172.28702,32.267998
283,283,7.013443098,38.60665649,1801,17.6,Mollic Andosols,0.010175151,0.008825635,0.013302283,4.504659932,4.785605812,4.591854067,22.06820007,23.16269094,23.7984223,23.61533143,23.61533143,23.61533143,0.686788047,0.636668173,0.561580544,179.2510101,176.2961307,30.43104062
284,284,6.725122128,38.35102407,1757,85,Humic Nitisols,0.010175151,0.008825635,0.013302283,4.504659932,4.785605812,4.591854067,18.78,20.82561594,18.455,22.145,22.145,22.145,0.711725,0.71975,0.438375,172.83801,153.414,30.474003
285,285,7.026931428,38.5048419,1701,4.47,Mollic Andosols,0.010175151,0.008825635,0.013302283,4.504659932,4.785605812,4.591854067,20.27202896,21.55832979,19.41541667,21.24116204,21.24116204,21.24116204,0.715334722,0.717414931,0.569821875,177.8379094,172.7796113,32.05349794
286,286,6.735986973,38.35921667,1804,66.63,Humic Nitisols,0.010175151,0.008825635,0.013302283,4.504659932,4.785605812,4.591854067,17.78875,20.38691667,15.085,21.79666667,21.79666667,21.79666667,0.658325,0.5520625,0.54595,172.83801,153.414,30.474003
287,287,6.742618057,38.35505749,1732,72.4,Humic Nitisols,0.010175151,0.008825635,0.013302283,4.504659932,4.785605812,4.591854067,24.42583333,24.586,24.54333333,24.91566667,24.91566667,24.91566667,0.730333333,0.7372,0.6023125,182.836,159.19801,23.217
288,288,6.700669441,38.33823212,1780,72.8,Humic Nitisols,0.010175151,0.008825635,0.013302283,4.504659932,4.785605812,4.591854067,20.10385621,21.86434783,17.68333333,22.08583333,22.08583333,22.08583333,0.682941667,0.683625,0.4310125,175.69601,154.59901,29.28
289,289,6.599384838,38.42167625,1906,9,Humic Nitisols,0.010175151,0.008825635,0.013302283,4.504659932,4.785605812,4.591854067,22.78813187,22.32276667,22.07833333,21.64666667,21.64666667,21.64666667,-0.099076667,-0.047633333,-0.0004125,174.57301,139.40701,21.753002
290,290,6.609191243,38.39884118,1901,8,Humic Nitisols,0.010175151,0.008825635,0.013302283,4.504659932,4.785605812,4.591854067,20.67686275,21.58291667,21.08166667,22.14666667,22.14666667,22.14666667,0.752041667,0.6429875,0.5125625,172.46701,139.236,25.641
291,291,6.640528316,38.40053,1866,8.5,Humic Nitisols,0.010175151,0.008825635,0.013302283,4.504659932,4.785605812,4.591854067,18.9735,19.96208333,17.58,20.32833333,20.32833333,20.32833333,0.711283333,0.6668,0.60665,171.45401,140.604,26.280003
292,292,6.702578252,38.40700683,1812,9,Humic Nitisols,0.010175151,0.008825635,0.013302283,4.504659932,4.785605812,4.591854067,19.07235294,20.96813853,18.48,19.785,19.785,19.785,0.695541667,0.6848625,0.6002375,175.69601,154.59901,29.28
293,293,6.704640854,38.40679123,1812,7,Humic Nitisols,0.010175151,0.008825635,0.013302283,4.504659932,4.785605812,4.591854067,19.07235294,20.96813853,18.48,19.785,19.785,19.785,0.695541667,0.6848625,0.6002375,175.69601,154.59901,29.28
294,294,6.705210783,38.40685411,1812,4,Humic Nitisols,0.010175151,0.008825635,0.013302283,4.504659932,4.785605812,4.591854067,19.07235294,20.96813853,18.48,19.785,19.785,19.785,0.695541667,0.6848625,0.6002375,175.69601,154.59901,29.28
295,295,6.709399312,38.40139238,1802,6,Humic Nitisols,0.010175151,0.008825635,0.013302283,4.504659932,4.785605812,4.591854067,18.77473684,21.12408333,19.83,20.184,20.184,20.184,0.645658333,0.649525,0.5159875,171.21002,158.733,28.817999
296,296,6.790184549,38.39552641,1732,20,Lithic Leptosols,0.010175151,0.008825635,0.013302283,4.504659932,4.785605812,4.591854067,19.12516667,21.22369048,23.12,21.01266667,21.01266667,21.01266667,0.721941667,0.7311,0.5006375,172.83801,153.414,30.474003
297,297,6.787968156,38.39566116,1732,18,Lithic Leptosols,0.010175151,0.008825635,0.013302283,4.504659932,4.785605812,4.591854067,18.94461765,21.42833333,19.13,21.73666667,21.73666667,21.73666667,0.7114,0.6683125,0.64325,171.21002,158.733,28.817999
298,298,6.769368554,38.4289346,1752,17,Lithic Leptosols,0.010175151,0.008825635,0.013302283,4.504659932,4.785605812,4.591854067,18.47803119,20.7096558,20.39666667,20.46166667,20.46166667,20.46166667,0.740491667,0.7491125,0.6219,173.843,157.48502,26.376003
299,299,6.767713045,38.42948257,1752,20,Lithic Leptosols,0.010175151,0.008825635,0.013302283,4.504659932,4.785605812,4.591854067,19.87465839,20.68780936,20.27333333,21.01666667,21.01666667,21.01666667,0.725616667,0.72075,0.4734125,182.514,158.55602,24.585001
300,300,6.765496653,38.43157564,1745,26,Lithic Leptosols,0.010175151,0.008825635,0.013302283,4.504659932,4.785605812,4.591854067,19.87465839,20.68780936,20.27333333,21.01666667,21.01666667,21.01666667,0.725616667,0.72075,0.4734125,182.514,158.55602,24.585001
301,301,6.742889452,38.3183525,1630,11,Humic Nitisols,0.010175151,0.008825635,0.013302283,4.504659932,4.785605812,4.591854067,24.6605,24.5564,24.12833333,25.02666667,25.02666667,25.02666667,0.7495,0.779875,0.5987625,182.836,159.19801,23.217
302,302,6.682395513,38.41007007,1832,10,Humic Nitisols,0.010175151,0.008825635,0.013302283,4.504659932,4.785605812,4.591854067,17.82457143,20.34602273,16.05666667,20.0375,20.0375,20.0375,0.717825,0.657825,0.507725,169.307,141.246,28.191002
303,303,6.690817804,38.40132052,1815,16.5,Humic Nitisols,0.010175151,0.008825635,0.013302283,4.504659932,4.785605812,4.591854067,19.19111111,21.34782609,18.67,21.495,21.495,21.495,0.702041667,0.7066125,0.48605,171.45401,140.604,26.280003
304,304,6.586412158,38.35504851,1872,7.5,Humic Nitisols,0.010175151,0.008825635,0.013302283,4.504659932,4.785605812,4.591854067,18.71832579,19.44231061,18.55,19.59,19.59,19.59,0.715908333,0.648075,0.4630125,169.632,136.713,27.825003
305,305,6.662755564,38.39673913,1799,3,Humic Nitisols,0.010175151,0.008825635,0.013302283,4.504659932,4.785605812,4.591854067,22.78231225,23.13560897,22.61666667,23.31966667,23.31966667,23.31966667,0.712091667,0.739375,0.55345,177.36401,148.11,24.573002
306,306,6.684286231,38.38555516,1798,5,Humic Nitisols,0.010175151,0.008825635,0.013302283,4.504659932,4.785605812,4.591854067,17.96304167,20.77467909,18.365,19.618,19.618,19.618,0.66575,0.641925,0.4849625,169.307,141.246,28.191002
307,307,6.829202099,38.38555516,1769,25,Humic Nitisols,0.010175151,0.008825635,0.013302283,4.504659932,4.785605812,4.591854067,20.62304348,21.83080268,18.1,22.6,22.6,22.6,0.753425,0.6514125,0.5231875,172.71701,160.815,31.833002
308,308,6.767685906,38.37522458,1746,18.5,Humic Nitisols,0.010175151,0.008825635,0.013302283,4.504659932,4.785605812,4.591854067,19.5148,21.71798077,20.47666667,22.49366667,22.49366667,22.49366667,0.737291667,0.7874875,0.490625,182.514,158.55602,24.585001
309,309,6.765876606,38.35995329,1717,21.5,Humic Nitisols,0.010175151,0.008825635,0.013302283,4.504659932,4.785605812,4.591854067,19.6488,21.57793846,20.90833333,22.456,22.456,22.456,0.714883333,0.744125,0.52885,173.843,157.48502,26.376003
310,310,6.767685906,38.3568092,1721,19.5,Humic Nitisols,0.010175151,0.008825635,0.013302283,4.504659932,4.785605812,4.591854067,19.6169,21.42635385,19.84333333,22.37566667,22.37566667,22.37566667,0.722333333,0.7084125,0.574175,173.843,157.48502,26.376003
311,311,6.828297449,38.38555516,1769,24.5,Humic Nitisols,0.010175151,0.008825635,0.013302283,4.504659932,4.785605812,4.591854067,20.54230769,22.00232143,19.975,21.6725,21.6725,21.6725,0.678141667,0.6374,0.5813125,168.65501,159.147,30.819
312,312,6.77356613,38.38196191,1705,24,Humic Nitisols,0.010175151,0.008825635,0.013302283,4.504659932,4.785605812,4.591854067,18.53682274,20.4437913,19.455,19.98,19.98,19.98,0.70725,0.700409375,0.617064063,172.957,156.24901,28.548
313,313,6.761353356,38.38016529,1689,10.8,Humic Nitisols,0.010175151,0.008825635,0.013302283,4.504659932,4.785605812,4.591854067,19.75325359,21.42468333,20.52666667,21.71,21.71,21.71,0.737658333,0.700425,0.560825,182.514,158.55602,24.585001
314,314,6.654695133,38.40266798,1833,12.3,Humic Nitisols,0.010175151,0.008825635,0.013302283,4.504659932,4.785605812,4.591854067,20.35097403,21.7374359,19.96666667,22.27333333,22.27333333,22.27333333,0.7117,0.6989125,0.4967375,170.29999,146.151,26.457
315,315,6.653908088,38.4013834,1856,12,Humic Nitisols,0.010175151,0.008825635,0.013302283,4.504659932,4.785605812,4.591854067,20.35097403,21.7374359,19.96666667,22.27333333,22.27333333,22.27333333,0.7117,0.6989125,0.4967375,170.29999,146.151,26.457
316,316,6.653908088,38.4154779,1845,20.5,Humic Nitisols,0.010175151,0.008825635,0.013302283,4.504659932,4.785605812,4.591854067,20.69809091,21.99719064,20.07666667,22.43666667,22.43666667,22.43666667,0.732616667,0.726725,0.609275,170.29999,146.151,26.457
317,317,6.601917858,38.42176608,1906,8.5,Humic Nitisols,0.010175151,0.008825635,0.013302283,4.504659932,4.785605812,4.591854067,22.78813187,22.32276667,22.07833333,21.64666667,21.64666667,21.64666667,-0.099076667,-0.047633333,-0.0004125,174.57301,139.40701,21.753002
318,318,6.597810747,38.41644808,1900,5,Humic Nitisols,0.010175151,0.008825635,0.013302283,4.504659932,4.785605812,4.591854067,23.56206522,23.9829,23.39,24.83666667,24.83666667,24.83666667,0.727491667,0.6869875,0.6014125,173.09502,138.05402,25.374
319,319,6.599710512,38.41225296,1904,1.5,Humic Nitisols,0.010175151,0.008825635,0.013302283,4.504659932,4.785605812,4.591854067,22.54276455,21.87155,22.0025,21.254,21.254,21.254,-0.13661,-0.09304,-0.035971429,174.57301,139.40701,21.753002
320,320,6.659408359,38.35625225,1807,12.5,Humic Nitisols,0.010175151,0.008825635,0.013302283,4.504659932,4.785605812,4.591854067,21.539329,22.63595,21.41833333,23.36166667,23.36166667,23.36166667,0.696433333,0.7606375,0.517625,177.36401,148.11,24.573002
321,321,6.767685906,38.40737513,1748,29,Lithic Leptosols,0.010175151,0.008825635,0.013302283,4.504659932,4.785605812,4.591854067,19.51495652,21.68092949,20.88666667,22.215,22.215,22.215,0.664908333,0.5761875,0.4954125,182.514,158.55602,24.585001
322,322,6.777600868,38.4181369,1774,19,Lithic Leptosols,0.010175151,0.008825635,0.013302283,4.504659932,4.785605812,4.591854067,19.09912698,20.89523333,20.25666667,20.97466667,20.97466667,20.97466667,0.699807143,0.686748214,0.518767857,173.843,157.48502,26.376003
323,323,6.787334901,38.41479519,1793,26,Lithic Leptosols,0.010175151,0.008825635,0.013302283,4.504659932,4.785605812,4.591854067,19.55368421,21.14969697,18.57,20.32833333,20.32833333,20.32833333,0.711883333,0.7353625,0.5507375,171.21002,158.733,28.817999
324,324,6.539397503,38.42191879,2065,15,Eutric Cambisols,0.010175151,0.008825635,0.013302283,4.504659932,4.785605812,4.591854067,24.79652174,25.3652,24.92583333,26.56666667,26.56666667,26.56666667,0.7349,0.6405125,0.6848,179.753,129.108,25.011002
325,325,6.83292021,38.42894359,1841,15,Lithic Leptosols,0.010175151,0.008825635,0.013302283,4.504659932,4.785605812,4.591854067,19.76588235,21.06842391,20.3,20.78533333,20.78533333,20.78533333,0.696516667,0.7262875,0.5539,172.71701,160.815,31.833002
326,326,6.853971413,38.44421488,1827,32,Lithic Leptosols,0.010175151,0.008825635,0.013302283,4.504659932,4.785605812,4.591854067,19.79567742,21.78830128,21.64,23.28666667,23.28666667,23.28666667,0.702,0.75735,0.6200125,172.97,165.138,26.745
327,327,6.866148001,38.47594323,1885,3,Lithic Leptosols,0.010175151,0.008825635,0.013302283,4.504659932,4.785605812,4.591854067,20.50526316,21.246,20.335,21.145,21.145,21.145,0.755975,0.784225,0.5866,169.222,161.58002,28.638
328,328,6.87498643,38.44745778,1893,27.5,Lithic Leptosols,0.010175151,0.008825635,0.013302283,4.504659932,4.785605812,4.591854067,20.74763889,22.10166667,20.515,22.47583333,22.47583333,22.47583333,0.758025,0.7684,0.5718375,172.38101,159.039,30.546001
329,329,6.875502081,38.44596658,1875,27,Humic Nitisols,0.010175151,0.008825635,0.013302283,4.504659932,4.785605812,4.591854067,20.74763889,22.10166667,20.515,22.47583333,22.47583333,22.47583333,0.758025,0.7684,0.5718375,172.38101,159.039,30.546001
330,330,6.877103311,38.4419152,1861,6.3,Humic Nitisols,0.010175151,0.008825635,0.013302283,4.504659932,4.785605812,4.591854067,20.74763889,22.10166667,20.515,22.47583333,22.47583333,22.47583333,0.758025,0.7684,0.5718375,172.38101,159.039,30.546001
331,331,6.935554806,38.56615505,2176,39.14,Chromic Luvisols,0.010175151,0.008825635,0.013302283,4.504659932,4.785605812,4.591854067,23.1955,24.40664348,24.53333333,24.30333333,24.30333333,24.30333333,0.732858333,0.6715625,0.702175,172.71701,160.815,31.833002
332,332,7.018653881,38.48215954,1824,52.12,Mollic Andosols,0.010175151,0.008825635,0.013302283,4.504659932,4.785605812,4.591854067,19.30726757,21.25532539,19.031875,21.57495833,21.57495833,21.57495833,0.737490972,0.75164375,0.614611979,179.3361938,174.2110761,31.65510779
333,333,7.004556327,38.48240353,1859,26.7,Mollic Andosols,0.010175151,0.008825635,0.013302283,4.504659932,4.785605812,4.591854067,19.27857143,21.60827899,18.65166667,22.4395,22.4395,22.4395,0.7356,0.7496625,0.601775,177.90302,172.28702,32.267998
334,334,6.945259635,38.19425979,1705,146.1,Eutric Vertisols,0.010175151,0.008825635,0.013302283,4.504659932,4.785605812,4.591854067,19.7718552,20.75657391,17.93,19.708,19.708,19.708,0.718308333,0.7736375,0.538425,168.65501,159.147,30.819
335,335,6.866645558,38.24110672,1783,251.2787153,Eutric Vertisols,0.010175151,0.008825635,0.013302283,4.504659932,4.785605812,4.591854067,22.69986111,24.1322087,22.225,23.985,23.985,23.985,0.671433333,0.6566,0.60515,172.38101,159.039,30.546001
336,336,6.898805862,38.24400826,1854,280.5086461,Humic Nitisols,0.010175151,0.008825635,0.013302283,4.504659932,4.785605812,4.591854067,19.12425,21.30831522,21.02,21.20083333,21.20083333,21.20083333,0.7216,0.7112,0.4279125,168.65501,159.147,30.819
337,337,6.937941017,38.17679662,1637,101.8202818,Eutric Vertisols,0.010175151,0.008825635,0.013302283,4.504659932,4.785605812,4.591854067,19.20577752,20.91067504,19.96877551,20.22336735,20.22336735,20.22336735,0.703608844,0.73208801,0.4579375,172.97,165.138,26.745
338,338,6.942220011,38.22085879,1791,216.8073431,Eutric Vertisols,0.010175151,0.008825635,0.013302283,4.504659932,4.785605812,4.591854067,19.86513467,21.43192343,20.87346154,20.9864359,20.9864359,20.9864359,0.739639103,0.716606731,0.573058654,169.222,161.58002,28.638
339,339,6.82008956,38.19031351,1711,200.2462506,Eutric Vertisols,0.010175151,0.008825635,0.013302283,4.504659932,4.785605812,4.591854067,20.0824026,21.52136364,16.94333333,22.065,22.065,22.065,0.729483333,0.6753625,0.62535,172.71701,160.815,31.833002
340,340,6.831009589,38.2082429,1764,216.8688814,Eutric Vertisols,0.010175151,0.008825635,0.013302283,4.504659932,4.785605812,4.591854067,19.6346,21.42983974,19.59333333,21.605,21.605,21.605,0.6939,0.7634,0.540925,179.44,164.90701,25.125
341,341,6.7014203,38.2552102,1754,180,Humic Nitisols,0.010175151,0.008825635,0.013302283,4.504659932,4.785605812,4.591854067,21.16011418,23.94254368,22.215,24.14770833,24.14770833,24.14770833,0.60964881,0.621192857,0.557196429,172.83801,153.414,30.474003
342,342,6.866283698,38.30666277,1914,244.2,Humic Nitisols,0.010175151,0.008825635,0.013302283,4.504659932,4.785605812,4.591854067,20.97888889,21.95403986,20.85,22.05916667,22.05916667,22.05916667,0.747666667,0.7613,0.542925,172.38101,159.039,30.546001
343,343,6.82017894,38.19241466,1714,134.0760929,Eutric Vertisols,0.010175151,0.008825635,0.013302283,4.504659932,4.785605812,4.591854067,20.0824026,21.52136364,16.94333333,22.065,22.065,22.065,0.729483333,0.6753625,0.62535,172.71701,160.815,31.833002
344,344,6.868554369,38.21399569,1804,216.6260932,Eutric Vertisols,0.010175151,0.008825635,0.013302283,4.504659932,4.785605812,4.591854067,21.12444118,22.14520067,22.475,21.70833333,21.70833333,21.70833333,0.725783333,0.707175,0.7506625,172.71701,160.815,31.833002
345,345,6.806748688,38.19214876,1677,30.77902329,Eutric Vertisols,0.010175151,0.008825635,0.013302283,4.504659932,4.785605812,4.591854067,19.59646254,21.49218779,20.435,21.50666667,21.50666667,21.50666667,0.700447619,0.710578571,0.491630357,173.843,157.48502,26.376003
346,346,6.505066039,38.637235,2136,18.5,Eutric Cambisols,0.011314323,0.010065204,0.01578793,4.464583,4.816725,4.6962533,24.56052632,25.6207,25.525,27.26666667,27.26666667,27.26666667,0.7108,0.7332625,0.6633875,175.27602,129.513,24.378002
347,347,6.91749924,38.43794672,1899,144.08,Humic Nitisols,0.010175151,0.008825635,0.013302283,4.504659932,4.785605812,4.591854067,19.30814286,20.25066667,17.34,19.686,19.686,19.686,0.728383333,0.710875,0.5788,168.65501,159.147,30.819
348,348,6.928089379,38.2061714,1730,146.6,Eutric Vertisols,0.010175151,0.008825635,0.013302283,4.504659932,4.785605812,4.591854067,25.35542594,26.22448377,27.1441,28.34528333,28.34528333,28.34528333,0.561549167,0.56321125,0.5750225,181.46501,166.356,23.583
349,349,6.761389542,38.0770212,1393,31.1,Chromic Luvisols,0.010175151,0.008825635,0.013302283,4.504659932,4.785605812,4.591854067,19.28650794,21.59379447,17.99,19.59866667,19.59866667,19.59866667,0.703325,0.6344625,0.5769,171.21002,158.733,28.817999
350,350,6.534591912,38.21929725,1428,94.7,Humic Nitisols,0.010175151,0.008825635,0.013302283,4.504659932,4.785605812,4.591854067,26.76675,30.56958333,29.32,32.47833333,32.47833333,32.47833333,0.563416667,0.5568375,0.6139,183.37401,133.626,24.651001
351,351,6.863470237,38.4080848,1828,94.7,Humic Nitisols,0.010175151,0.008825635,0.013302283,4.504659932,4.785605812,4.591854067,19.35176471,21.24232727,19.43,20.08033333,20.08033333,20.08033333,0.75105,0.7245125,0.5485,168.65501,159.147,30.819
352,352,6.731720825,38.33435834,1711,0,Humic Nitisols,0.010175151,0.008825635,0.013302283,4.504659932,4.785605812,4.591854067,21.76727824,23.40320242,21.81375,23.77408333,23.77408333,23.77408333,0.685672917,0.653251563,0.55630625,187.15901,160.61401,22.485
353,353,6.744305772,38.32545661,1655,7.7,Humic Nitisols,0.010175151,0.008825635,0.013302283,4.504659932,4.785605812,4.591854067,23.61583333,23.9288,23.67666667,24.32,24.32,24.32,0.680983333,0.7377875,0.5406125,182.836,159.19801,23.217
354,354,7.033086386,38.48699455,1859,80.05,Mollic Andosols,0.010175151,0.008825635,0.013302283,4.504659932,4.785605812,4.591854067,19.22237071,21.08302072,19.1990288,21.19953493,21.19953493,21.19953493,0.735578768,0.751536121,0.611271117,177.90302,172.28702,32.267998
355,355,6.703305245,38.2554996,1776,181,Humic Nitisols,0.010175151,0.008825635,0.013302283,4.504659932,4.785605812,4.591854067,21.16011418,23.94254368,22.215,24.14770833,24.14770833,24.14770833,0.60964881,0.621192857,0.557196429,172.83801,153.414,30.474003
356,356,6.721117794,38.31010796,1643,34.78,Humic Nitisols,0.010175151,0.008825635,0.013302283,4.504659932,4.785605812,4.591854067,18.71488889,20.46205217,18.095,20.06166667,20.06166667,20.06166667,0.68495,0.6681375,0.5191625,172.83801,153.414,30.474003
357,357,7.001957435,38.2329341,1831,207.4,Eutric Cambisols,0.010175151,0.008825635,0.013302283,4.504659932,4.785605812,4.591854067,21.04885529,22.14473786,22.43423077,22.34671795,22.34671795,22.34671795,0.728357692,0.702525,0.532058654,183.328,180.813,24.579
358,358,6.657786811,38.30208134,1706,13.98,Humic Nitisols,0.010175151,0.008825635,0.013302283,4.504659932,4.785605812,4.591854067,18.917,21.1134058,18.39,21.69416667,21.69416667,21.69416667,0.730708333,0.677175,0.543875,171.084,146.688,26.193
359,359,6.419172647,38.3231873,1583,0.5,Eutric Cambisols,0.010175151,0.008825635,0.013302283,4.504659932,4.785605812,4.591854067,27.39481818,30.67876812,28.37333333,31.48666667,31.48666667,31.48666667,0.365258333,0.3275875,0.3404,180.272,128.57101,25.089
360,360,6.428743856,38.29639067,1456,63.03,Lithic Leptosols,0.010175151,0.008825635,0.013302283,4.504659932,4.785605812,4.591854067,26.16628571,28.38625,27.50666667,29.62,29.62,29.62,0.5442,0.603925,0.538075,180.347,123.927,25.191002
361,361,6.428960972,38.29385743,1456,48,Lithic Leptosols,0.010175151,0.008825635,0.013302283,4.504659932,4.785605812,4.591854067,26.16628571,28.38625,27.50666667,29.62,29.62,29.62,0.5442,0.603925,0.538075,180.347,123.927,25.191002
362,362,7.099366745,38.4061175,,45.8,Mollic Andosols,0.010175151,0.008825635,0.013302283,4.504659932,4.785605812,4.591854067,23.33127585,24.88557609,23.76217393,25.63688334,25.63688334,25.63688334,0.622786706,0.612521974,0.537758217,184.1555616,180.3772892,24.72127459
363,363,7.049384838,38.51293568,1697,20.16,Mollic Andosols,0.010175151,0.008825635,0.013302283,4.504659932,4.785605812,4.591854067,20.37659168,21.5738819,19.42839451,21.21176894,21.21176894,21.21176894,0.717149926,0.71429433,0.569059282,177.749673,173.4471588,31.76281275
364,364,7.028779029,38.50567344,1701,4.47,Mollic Andosols,0.010175151,0.008825635,0.013302283,4.504659932,4.785605812,4.591854067,20.29072348,21.56736587,19.4036826,21.25665564,21.25665564,21.25665564,0.716822518,0.716797564,0.571094738,177.8324243,172.8211084,32.03542792
365,365,7.058377058,38.49465505,1716,22.3,Mollic Andosols,0.010175151,0.008825635,0.013302283,4.504659932,4.785605812,4.591854067,19.84947473,21.38696315,19.24025875,21.43610079,21.43610079,21.43610079,0.728643988,0.740452326,0.594339662,177.90302,172.28702,32.267998
366,366,7.002631634,38.47898483,1824,12.2,Mollic Andosols,0.010175151,0.008825635,0.013302283,4.504659932,4.785605812,4.591854067,19.27857143,21.60827899,18.65166667,22.4395,22.4395,22.4395,0.7356,0.7496625,0.601775,177.90302,172.28702,32.267998
367,367,7.007174858,38.39455127,1692,21.9,Mollic Andosols,0.010175151,0.008825635,0.013302283,4.504659932,4.785605812,4.591854067,21.33725,22.03411232,20.825,23.2775,23.2775,23.2775,0.750558333,0.7469375,0.519475,180.384,173.22302,34.17
368,368,7.036560043,38.48347736,1859,18.3,Mollic Andosols,0.010175151,0.008825635,0.013302283,4.504659932,4.785605812,4.591854067,19.22237071,21.08302072,19.1990288,21.19953493,21.19953493,21.19953493,0.735578768,0.751536121,0.611271117,177.90302,172.28702,32.267998
369,369,7.007156039,38.39364831,1692,25.3,Mollic Andosols,0.010175151,0.008825635,0.013302283,4.504659932,4.785605812,4.591854067,21.33725,22.03411232,20.825,23.2775,23.2775,23.2775,0.750558333,0.7469375,0.519475,180.384,173.22302,34.17
370,370,6.868945885,38.44609491,1875,27,Lithic Leptosols,0.010175151,0.008825635,0.013302283,4.504659932,4.785605812,4.591854067,20.74763889,22.10166667,20.515,22.47583333,22.47583333,22.47583333,0.758025,0.7684,0.5718375,172.38101,159.039,30.546001
371,371,6.860588607,38.44305802,1822,45.7,Lithic Leptosols,0.010175151,0.008825635,0.013302283,4.504659932,4.785605812,4.591854067,19.57715686,20.55546667,19.89,19.821,19.821,19.821,0.741575,0.7324,0.49085,169.222,161.58002,28.638
372,372,6.898590788,38.41162155,1884,43.4,Humic Nitisols,0.010175151,0.008825635,0.013302283,4.504659932,4.785605812,4.591854067,20.29826098,21.89337348,20.75136364,21.29937879,21.29937879,21.29937879,0.756424621,0.743092045,0.581027841,179.44,164.90701,25.125
373,373,6.5845077,38.3878055,1878,15,Humic Nitisols,0.010175151,0.008825635,0.013302283,4.504659932,4.785605812,4.591854067,18.43692308,19.33329545,19.18,19.284,19.284,19.284,0.638375,0.5805875,0.24525,169.632,136.713,27.825003
374,374,6.484670771,38.39365384,1872,20.5,Eutric Cambisols,0.010175151,0.008825635,0.013302283,4.504659932,4.785605812,4.591854067,25.61363636,26.30876923,25.53333333,27.805,27.805,27.805,0.678516667,0.65075,0.6940875,175.27602,129.513,24.378002
